COUNTRY,100 Grand Bar,Mary Janes,Full-sized candy bar,Black Jacks,Bonkers ,Bottle Caps,Box'o'Raisins,Butterfinger,Cadbury Creme Eggs,Candy Corn,Caramellos,Chardonnay,Chick-o-Sticks,Chiclets,Coffee Crisp,Dots,Dove Bars,Fuzzy Peaches,Goo Goo Clusters,Good N' Plenty,Gum from baseball cards,Gummy Bears,Hard Candy,Heath Bar,Hershey's Dark Chocolate,Hershey Milk Chocolate,Hershey's Kisses,Jolly Ranchers,JoyJoy,Junior Mints,Senior Mints,Kit Kat,LaffyTaffy,LemonHeads,Licorice,Lindt Truffle,Lollipops,Mars,Maynards,Mike and Ike,Milk Duds,Milky Way,Regular M&Ms,Peanut M&M,Blue M&M's,Red M&M's,Green Party M&M's,Mint Kisses,Mint Juleps,Mr. Goodbar,Necco Wafers,Nerds,Crunch,Now'n'Laters,Peeps,Pixy Stix,Reese's Peanut Butter Cups,Reese's Pieces,Reggie Jackson Bar,Rolos,Skittles,Smarties,Snickers,Sourpatch Kids ,Starburst,Sweet Tarts,Swedish Fish,Sweetums ,Take 5,Tic Tacs,Circus Peanuts,Three Musketeers,Toblerone,Trail Mix,Twix,Whatchamacallit Bars,York Peppermint Patties,
,36,9,79,14,11,17,13,56,45,17,42,56,14,16,27,23,41,23,10,19,3,40,25,42,45,28,30,39,6,38,10,66,21,33,27,63,28,52,17,27,32,52,52,61,47,47,40,19,37,35,19,40,52,17,15,27,67,45,14,57,43,34,63,41,44,26,29,8,16,19,5,35,63,16,61,31,39,0
Other ,,,,,,,,,,,,,,,,,,,,,,,,,,,,,,,,,,,,,,,,,,,,,,,,,,,,,,,,,,,,,,,,,,,,,,,,,,,,,,
Other ,POSITIVE,NEGATIVE,POSITIVE,NEGATIVE,NEGATIVE,NEUTRAL,NEGATIVE,POSITIVE,NEGATIVE,NEGATIVE,NEGATIVE,NEUTRAL,NEGATIVE,NEUTRAL,NEGATIVE,NEUTRAL,NEGATIVE,NEGATIVE,NEGATIVE,NEGATIVE,NEGATIVE,NEGATIVE,NEGATIVE,POSITIVE,POSITIVE,NEUTRAL,NEUTRAL,NEUTRAL,NEGATIVE,POSITIVE,NEGATIVE,POSITIVE,NEGATIVE,POSITIVE,NEUTRAL,NEUTRAL,NEGATIVE,POSITIVE,NEGATIVE,POSITIVE,NEUTRAL,POSITIVE,NEUTRAL,NEUTRAL,NEGATIVE,NEGATIVE,NEGATIVE,NEUTRAL,NEGATIVE,POSITIVE,NEUTRAL,POSITIVE,POSITIVE,NEGATIVE,NEGATIVE,NEGATIVE,POSITIVE,NEGATIVE,NEUTRAL,POSITIVE,POSITIVE,POSITIVE,POSITIVE,POSITIVE,NEUTRAL,POSITIVE,POSITIVE,,NEGATIVE,NEUTRAL,NEGATIVE,POSITIVE,NEUTRAL,,POSITIVE,NEUTRAL,POSITIVE,
Other ,,,,,,,,,,,,,,,,,,,,,,,,,,,,,,,,,,,,,,,,,,,,,,,,,,,,,,,,,,,,,,,,,,,,,,,,,,,,,,
Other ,,,,,,,,,,,,,,,,,,,,,,,,,,,,,,,,,,,,,,,,,,,,,,,,,,,,,,,,,,,,,,,,,,,,,,,,,,,,,,
Other ,NEUTRAL,NEUTRAL,POSITIVE,NEUTRAL,NEUTRAL,NEGATIVE,NEUTRAL,POSITIVE,POSITIVE,NEUTRAL,NEUTRAL,POSITIVE,NEUTRAL,NEUTRAL,NEUTRAL,NEGATIVE,POSITIVE,POSITIVE,NEUTRAL,NEUTRAL,NEGATIVE,NEUTRAL,NEUTRAL,POSITIVE,POSITIVE,POSITIVE,POSITIVE,NEUTRAL,NEUTRAL,NEUTRAL,NEGATIVE,POSITIVE,NEUTRAL,POSITIVE,NEGATIVE,NEUTRAL,POSITIVE,POSITIVE,NEUTRAL,NEUTRAL,POSITIVE,POSITIVE,POSITIVE,POSITIVE,POSITIVE,NEUTRAL,NEUTRAL,NEUTRAL,NEUTRAL,POSITIVE,POSITIVE,POSITIVE,POSITIVE,NEUTRAL,NEUTRAL,NEGATIVE,POSITIVE,NEUTRAL,POSITIVE,NEUTRAL,POSITIVE,POSITIVE,POSITIVE,POSITIVE,NEGATIVE,NEUTRAL,NEUTRAL,NEUTRAL,NEUTRAL,NEUTRAL,NEUTRAL,NEUTRAL,POSITIVE,NEUTRAL,POSITIVE,NEUTRAL,NEUTRAL,
Other ,,,,,,,,,,,,,,,,,,,,,,,,,,,,,,,,,,,,,,,,,,,,,,,,,,,,,,,,,,,,,,,,,,,,,,,,,,,,,,
Other ,,,,,,,,,,,,,,,,,,,,,,,,,,,,,,,,,,,,,,,,,,,,,,,,,,,,,,,,,,,,,,,,,,,,,,,,,,,,,,
Other,POSITIVE,NEGATIVE,POSITIVE,,,NEUTRAL,NEUTRAL,POSITIVE,NEGATIVE,NEUTRAL,POSITIVE,POSITIVE,NEUTRAL,NEUTRAL,POSITIVE,NEUTRAL,POSITIVE,,POSITIVE,NEUTRAL,NEGATIVE,NEUTRAL,NEUTRAL,POSITIVE,POSITIVE,NEUTRAL,NEUTRAL,NEUTRAL,,POSITIVE,,POSITIVE,NEUTRAL,NEUTRAL,NEUTRAL,POSITIVE,NEUTRAL,POSITIVE,,POSITIVE,POSITIVE,POSITIVE,POSITIVE,POSITIVE,POSITIVE,POSITIVE,,POSITIVE,POSITIVE,POSITIVE,NEUTRAL,POSITIVE,NEUTRAL,NEUTRAL,NEGATIVE,NEUTRAL,POSITIVE,POSITIVE,NEGATIVE,POSITIVE,POSITIVE,POSITIVE,POSITIVE,NEGATIVE,NEUTRAL,NEUTRAL,NEUTRAL,,,NEUTRAL,NEGATIVE,POSITIVE,POSITIVE,NEUTRAL,POSITIVE,POSITIVE,POSITIVE,
Other,,,,,,,,,,,,,,,,,,,,,,,,,,,,,,,,,,,,,,,,,,,,,,,,,,,,,,,,,,,,,,,,,,,,,,,,,,,,,,
Other,,NEUTRAL,POSITIVE,NEUTRAL,,NEGATIVE,NEGATIVE,,POSITIVE,,,POSITIVE,,,,,,NEUTRAL,,,NEUTRAL,NEUTRAL,POSITIVE,NEUTRAL,NEUTRAL,NEUTRAL,NEUTRAL,NEUTRAL,,,,POSITIVE,NEUTRAL,,NEUTRAL,POSITIVE,POSITIVE,POSITIVE,,,,NEUTRAL,POSITIVE,,POSITIVE,POSITIVE,,,POSITIVE,,,,,,,,POSITIVE,POSITIVE,,POSITIVE,NEUTRAL,,POSITIVE,,POSITIVE,,,,,NEUTRAL,,,POSITIVE,NEUTRAL,POSITIVE,,,
Other,,,,,,,,,,,,,,,,,,,,,,,,,,,,,,,,,,,,,,,,,,,,,,,,,,,,,,,,,,,,,,,,,,,,,,,,,,,,,,
Other,,,,,,,,,,,,,,,,,,,,,,,,,,,,,,,,,,,,,,,,,,,,,,,,,,,,,,,,,,,,,,,,,,,,,,,,,,,,,,
Other,,,,,,,,,,,,,,,,,,,,,,,,,,,,,,,,,,,,,,,,,,,,,,,,,,,,,,,,,,,,,,,,,,,,,,,,,,,,,,
Other,,NEUTRAL,POSITIVE,POSITIVE,NEUTRAL,POSITIVE,POSITIVE,POSITIVE,NEGATIVE,NEUTRAL,NEUTRAL,POSITIVE,NEUTRAL,NEGATIVE,NEUTRAL,POSITIVE,NEUTRAL,POSITIVE,NEGATIVE,POSITIVE,NEUTRAL,NEUTRAL,NEUTRAL,POSITIVE,NEUTRAL,NEGATIVE,NEUTRAL,POSITIVE,NEUTRAL,NEGATIVE,NEGATIVE,POSITIVE,NEGATIVE,NEUTRAL,NEUTRAL,NEUTRAL,NEUTRAL,POSITIVE,NEUTRAL,NEUTRAL,NEUTRAL,POSITIVE,POSITIVE,POSITIVE,POSITIVE,POSITIVE,POSITIVE,NEGATIVE,POSITIVE,POSITIVE,NEUTRAL,NEUTRAL,POSITIVE,NEUTRAL,NEUTRAL,NEUTRAL,POSITIVE,NEUTRAL,POSITIVE,POSITIVE,NEGATIVE,NEGATIVE,POSITIVE,POSITIVE,NEUTRAL,POSITIVE,NEUTRAL,NEUTRAL,NEUTRAL,NEGATIVE,NEGATIVE,POSITIVE,NEUTRAL,POSITIVE,POSITIVE,NEUTRAL,NEGATIVE,
Other,NEUTRAL,NEGATIVE,NEUTRAL,NEUTRAL,NEUTRAL,POSITIVE,NEGATIVE,POSITIVE,NEUTRAL,NEGATIVE,NEGATIVE,NEGATIVE,NEGATIVE,NEUTRAL,NEUTRAL,POSITIVE,NEGATIVE,NEGATIVE,NEGATIVE,NEUTRAL,NEGATIVE,NEUTRAL,POSITIVE,POSITIVE,NEUTRAL,NEUTRAL,NEUTRAL,POSITIVE,NEGATIVE,NEUTRAL,NEGATIVE,NEUTRAL,POSITIVE,NEUTRAL,NEUTRAL,NEGATIVE,NEUTRAL,NEUTRAL,NEUTRAL,POSITIVE,NEGATIVE,NEUTRAL,NEUTRAL,NEUTRAL,NEUTRAL,NEUTRAL,NEUTRAL,NEUTRAL,NEUTRAL,NEUTRAL,NEGATIVE,POSITIVE,NEUTRAL,NEUTRAL,NEGATIVE,POSITIVE,POSITIVE,NEUTRAL,NEUTRAL,NEUTRAL,POSITIVE,POSITIVE,NEUTRAL,NEUTRAL,POSITIVE,POSITIVE,POSITIVE,NEUTRAL,NEUTRAL,POSITIVE,NEGATIVE,,NEUTRAL,NEGATIVE,NEUTRAL,NEUTRAL,NEUTRAL,
Other,,,,,,,,,,,,,,,,,,,,,,,,,,,,,,,,,,,,,,,,,,,,,,,,,,,,,,,,,,,,,,,,,,,,,,,,,,,,,,
Other,POSITIVE,NEGATIVE,POSITIVE,POSITIVE,NEUTRAL,NEUTRAL,NEUTRAL,POSITIVE,POSITIVE,NEUTRAL,POSITIVE,POSITIVE,NEUTRAL,NEGATIVE,NEUTRAL,NEUTRAL,POSITIVE,NEUTRAL,NEUTRAL,POSITIVE,NEUTRAL,POSITIVE,POSITIVE,NEUTRAL,NEUTRAL,NEGATIVE,NEGATIVE,NEUTRAL,NEUTRAL,NEGATIVE,NEGATIVE,POSITIVE,NEUTRAL,NEUTRAL,NEUTRAL,POSITIVE,POSITIVE,NEUTRAL,NEUTRAL,POSITIVE,POSITIVE,POSITIVE,POSITIVE,POSITIVE,POSITIVE,POSITIVE,POSITIVE,NEGATIVE,POSITIVE,NEUTRAL,NEUTRAL,POSITIVE,POSITIVE,POSITIVE,POSITIVE,NEUTRAL,POSITIVE,NEUTRAL,NEUTRAL,POSITIVE,POSITIVE,NEUTRAL,POSITIVE,NEUTRAL,POSITIVE,NEUTRAL,NEGATIVE,NEUTRAL,POSITIVE,NEUTRAL,NEGATIVE,NEUTRAL,POSITIVE,NEUTRAL,POSITIVE,NEUTRAL,NEUTRAL,
Other,,,,,,,,,,,,,,,,,,,,,,,,,,,,,,,,,,,,,,,,,,,,,,,,,,,,,,,,,,,,,,,,,,,,,,,,,,,,,,
Other,,,,,,,,,,,,,,,,,,,,,,,,,,,,,,,,,,,,,,,,,,,,,,,,,,,,,,,,,,,,,,,,,,,,,,,,,,,,,,
Other,,,,,,,,,,,,,,,,,,,,,,,,,,,,,,,,,,,,,,,,,,,,,,,,,,,,,,,,,,,,,,,,,,,,,,,,,,,,,,
Other,,,,,,,,,,,,,,,,,,,,,,,,,,,,,,,,,,,,,,,,,,,,,,,,,,,,,,,,,,,,,,,,,,,,,,,,,,,,,,
Other,,,,,,,,,,,,,,,,,,,,,,,,,,,,,,,,,,,,,,,,,,,,,,,,,,,,,,,,,,,,,,,,,,,,,,,,,,,,,,
Other,,,,,,,,,,,,,,,,,,,,,,,,,,,,,,,,,,,,,,,,,,,,,,,,,,,,,,,,,,,,,,,,,,,,,,,,,,,,,,
Other,,,,,,,,,,,,,,,,,,,,,,,,,,,,,,,,,,,,,,,,,,,,,,,,,,,,,,,,,,,,,,,,,,,,,,,,,,,,,,
Other,,,,,,,,,,,,,,,,,,,,,,,,,,,,,,,,,,,,,,,,,,,,,,,,,,,,,,,,,,,,,,,,,,,,,,,,,,,,,,
Other,POSITIVE,NEGATIVE,POSITIVE,NEGATIVE,NEUTRAL,NEGATIVE,POSITIVE,NEUTRAL,POSITIVE,NEGATIVE,NEUTRAL,POSITIVE,POSITIVE,POSITIVE,NEGATIVE,NEGATIVE,POSITIVE,NEUTRAL,NEUTRAL,NEUTRAL,NEUTRAL,POSITIVE,POSITIVE,POSITIVE,POSITIVE,POSITIVE,POSITIVE,POSITIVE,NEGATIVE,POSITIVE,NEGATIVE,POSITIVE,NEGATIVE,POSITIVE,NEGATIVE,POSITIVE,POSITIVE,NEUTRAL,NEUTRAL,NEUTRAL,POSITIVE,POSITIVE,POSITIVE,POSITIVE,POSITIVE,POSITIVE,NEUTRAL,POSITIVE,POSITIVE,POSITIVE,POSITIVE,POSITIVE,POSITIVE,NEGATIVE,NEGATIVE,POSITIVE,POSITIVE,POSITIVE,NEUTRAL,POSITIVE,NEGATIVE,POSITIVE,POSITIVE,NEUTRAL,NEUTRAL,POSITIVE,NEGATIVE,NEGATIVE,NEGATIVE,POSITIVE,NEGATIVE,POSITIVE,POSITIVE,POSITIVE,POSITIVE,NEUTRAL,POSITIVE,
Other,NEUTRAL,NEGATIVE,NEUTRAL,NEGATIVE,NEGATIVE,NEGATIVE,NEUTRAL,NEUTRAL,NEGATIVE,NEGATIVE,NEUTRAL,NEGATIVE,NEGATIVE,NEGATIVE,NEUTRAL,NEGATIVE,POSITIVE,NEGATIVE,NEGATIVE,NEGATIVE,NEGATIVE,NEGATIVE,NEGATIVE,POSITIVE,POSITIVE,NEUTRAL,NEUTRAL,NEGATIVE,NEGATIVE,POSITIVE,POSITIVE,NEUTRAL,NEGATIVE,NEGATIVE,NEGATIVE,NEUTRAL,NEGATIVE,NEUTRAL,NEGATIVE,NEGATIVE,NEUTRAL,NEUTRAL,NEUTRAL,POSITIVE,NEUTRAL,NEUTRAL,NEUTRAL,NEUTRAL,NEGATIVE,NEUTRAL,NEGATIVE,NEGATIVE,POSITIVE,NEGATIVE,NEGATIVE,NEUTRAL,POSITIVE,POSITIVE,NEGATIVE,POSITIVE,NEUTRAL,NEUTRAL,NEUTRAL,NEGATIVE,POSITIVE,POSITIVE,NEGATIVE,NEGATIVE,NEGATIVE,NEUTRAL,NEGATIVE,NEUTRAL,POSITIVE,NEGATIVE,NEGATIVE,NEGATIVE,POSITIVE,
Other,,,,,,,NEGATIVE,,POSITIVE,NEUTRAL,POSITIVE,NEUTRAL,,NEUTRAL,,,POSITIVE,,,NEUTRAL,NEUTRAL,NEUTRAL,NEUTRAL,POSITIVE,POSITIVE,NEUTRAL,NEUTRAL,POSITIVE,,POSITIVE,NEUTRAL,NEUTRAL,NEUTRAL,,POSITIVE,POSITIVE,NEUTRAL,POSITIVE,,,NEUTRAL,POSITIVE,POSITIVE,NEUTRAL,POSITIVE,POSITIVE,POSITIVE,POSITIVE,NEUTRAL,NEUTRAL,NEGATIVE,,POSITIVE,,POSITIVE,POSITIVE,NEGATIVE,NEGATIVE,,POSITIVE,POSITIVE,POSITIVE,NEUTRAL,,POSITIVE,NEUTRAL,NEGATIVE,,,NEUTRAL,NEGATIVE,POSITIVE,POSITIVE,NEUTRAL,NEUTRAL,NEGATIVE,POSITIVE,
Other,POSITIVE,NEUTRAL,NEUTRAL,NEGATIVE,NEGATIVE,NEUTRAL,NEGATIVE,POSITIVE,POSITIVE,NEUTRAL,POSITIVE,NEGATIVE,NEUTRAL,NEUTRAL,NEUTRAL,NEGATIVE,NEUTRAL,POSITIVE,NEUTRAL,NEGATIVE,NEUTRAL,POSITIVE,NEUTRAL,POSITIVE,NEGATIVE,NEGATIVE,NEGATIVE,NEUTRAL,NEUTRAL,POSITIVE,NEGATIVE,NEUTRAL,POSITIVE,NEUTRAL,NEUTRAL,POSITIVE,NEUTRAL,NEUTRAL,NEUTRAL,NEUTRAL,POSITIVE,NEUTRAL,NEUTRAL,POSITIVE,NEUTRAL,NEGATIVE,NEGATIVE,NEUTRAL,POSITIVE,NEUTRAL,NEUTRAL,NEGATIVE,NEUTRAL,NEUTRAL,NEUTRAL,NEUTRAL,POSITIVE,NEUTRAL,NEUTRAL,POSITIVE,POSITIVE,NEUTRAL,POSITIVE,POSITIVE,POSITIVE,NEUTRAL,POSITIVE,POSITIVE,NEGATIVE,NEGATIVE,POSITIVE,POSITIVE,POSITIVE,POSITIVE,POSITIVE,POSITIVE,POSITIVE,
Other,POSITIVE,NEUTRAL,POSITIVE,POSITIVE,POSITIVE,NEUTRAL,NEUTRAL,NEGATIVE,NEUTRAL,NEGATIVE,POSITIVE,POSITIVE,NEUTRAL,NEUTRAL,NEUTRAL,NEUTRAL,POSITIVE,POSITIVE,NEUTRAL,POSITIVE,NEUTRAL,NEUTRAL,POSITIVE,POSITIVE,POSITIVE,NEGATIVE,NEGATIVE,POSITIVE,POSITIVE,POSITIVE,NEUTRAL,POSITIVE,NEUTRAL,POSITIVE,NEGATIVE,POSITIVE,NEUTRAL,POSITIVE,NEUTRAL,NEUTRAL,POSITIVE,NEUTRAL,NEUTRAL,NEUTRAL,NEUTRAL,NEUTRAL,NEUTRAL,NEUTRAL,POSITIVE,NEUTRAL,POSITIVE,POSITIVE,POSITIVE,NEUTRAL,NEGATIVE,POSITIVE,NEGATIVE,NEGATIVE,NEUTRAL,POSITIVE,POSITIVE,POSITIVE,POSITIVE,POSITIVE,POSITIVE,POSITIVE,NEUTRAL,NEGATIVE,NEUTRAL,POSITIVE,NEGATIVE,NEUTRAL,POSITIVE,NEUTRAL,POSITIVE,NEUTRAL,POSITIVE,
Other,POSITIVE,NEGATIVE,POSITIVE,NEUTRAL,NEGATIVE,POSITIVE,NEGATIVE,NEUTRAL,NEUTRAL,NEGATIVE,NEUTRAL,POSITIVE,NEUTRAL,NEUTRAL,POSITIVE,NEUTRAL,POSITIVE,NEGATIVE,POSITIVE,NEGATIVE,NEGATIVE,POSITIVE,POSITIVE,POSITIVE,POSITIVE,POSITIVE,POSITIVE,POSITIVE,NEGATIVE,POSITIVE,NEGATIVE,POSITIVE,NEUTRAL,POSITIVE,POSITIVE,POSITIVE,NEUTRAL,NEUTRAL,,NEGATIVE,NEGATIVE,NEUTRAL,POSITIVE,NEUTRAL,POSITIVE,POSITIVE,POSITIVE,NEUTRAL,POSITIVE,POSITIVE,NEUTRAL,,POSITIVE,,NEGATIVE,POSITIVE,POSITIVE,POSITIVE,POSITIVE,NEUTRAL,POSITIVE,POSITIVE,POSITIVE,POSITIVE,POSITIVE,POSITIVE,POSITIVE,NEGATIVE,POSITIVE,NEUTRAL,NEGATIVE,POSITIVE,POSITIVE,NEGATIVE,POSITIVE,POSITIVE,NEUTRAL,
Other,,,POSITIVE,NEUTRAL,,,,,POSITIVE,NEGATIVE,,POSITIVE,,,,,,,,,NEGATIVE,POSITIVE,POSITIVE,,NEGATIVE,NEGATIVE,NEGATIVE,,,,,POSITIVE,,,NEUTRAL,POSITIVE,POSITIVE,POSITIVE,POSITIVE,,,,POSITIVE,POSITIVE,,,,,,,,,,,NEUTRAL,,POSITIVE,POSITIVE,,POSITIVE,POSITIVE,,POSITIVE,,POSITIVE,,,,,NEUTRAL,,,POSITIVE,NEUTRAL,POSITIVE,,,
Other,,,,,,,,,,,,,,,,,,,,,,,,,,,,,,,,,,,,,,,,,,,,,,,,,,,,,,,,,,,,,,,,,,,,,,,,,,,,,,
Other,NEGATIVE,NEUTRAL,POSITIVE,NEUTRAL,NEUTRAL,NEUTRAL,NEGATIVE,POSITIVE,POSITIVE,NEGATIVE,NEUTRAL,POSITIVE,POSITIVE,NEUTRAL,POSITIVE,NEUTRAL,POSITIVE,POSITIVE,NEUTRAL,POSITIVE,NEGATIVE,NEUTRAL,NEUTRAL,NEGATIVE,POSITIVE,NEUTRAL,NEUTRAL,POSITIVE,NEGATIVE,POSITIVE,NEUTRAL,POSITIVE,NEUTRAL,NEUTRAL,NEUTRAL,POSITIVE,NEUTRAL,POSITIVE,NEUTRAL,NEUTRAL,NEGATIVE,NEUTRAL,NEUTRAL,POSITIVE,NEUTRAL,NEUTRAL,NEUTRAL,NEUTRAL,NEUTRAL,POSITIVE,POSITIVE,NEUTRAL,POSITIVE,NEUTRAL,NEGATIVE,NEUTRAL,NEUTRAL,POSITIVE,NEUTRAL,NEGATIVE,NEGATIVE,POSITIVE,POSITIVE,POSITIVE,POSITIVE,NEUTRAL,NEGATIVE,NEGATIVE,POSITIVE,NEGATIVE,NEGATIVE,NEGATIVE,POSITIVE,NEGATIVE,NEUTRAL,NEUTRAL,POSITIVE,
Other,NEUTRAL,NEGATIVE,POSITIVE,NEUTRAL,NEUTRAL,POSITIVE,NEUTRAL,POSITIVE,NEGATIVE,NEUTRAL,NEUTRAL,POSITIVE,NEUTRAL,NEUTRAL,POSITIVE,NEGATIVE,POSITIVE,NEGATIVE,NEUTRAL,NEGATIVE,NEGATIVE,POSITIVE,POSITIVE,POSITIVE,POSITIVE,NEUTRAL,NEUTRAL,POSITIVE,NEGATIVE,NEUTRAL,POSITIVE,POSITIVE,NEGATIVE,POSITIVE,POSITIVE,POSITIVE,POSITIVE,NEUTRAL,NEGATIVE,POSITIVE,NEGATIVE,NEUTRAL,POSITIVE,POSITIVE,POSITIVE,POSITIVE,POSITIVE,NEUTRAL,POSITIVE,POSITIVE,POSITIVE,,POSITIVE,POSITIVE,NEGATIVE,POSITIVE,POSITIVE,,POSITIVE,POSITIVE,POSITIVE,POSITIVE,POSITIVE,POSITIVE,POSITIVE,POSITIVE,POSITIVE,NEGATIVE,NEUTRAL,NEUTRAL,NEGATIVE,NEUTRAL,POSITIVE,POSITIVE,POSITIVE,POSITIVE,POSITIVE,
Other,POSITIVE,NEGATIVE,POSITIVE,POSITIVE,POSITIVE,POSITIVE,NEGATIVE,POSITIVE,NEUTRAL,NEGATIVE,NEUTRAL,POSITIVE,NEGATIVE,NEUTRAL,NEGATIVE,POSITIVE,POSITIVE,POSITIVE,NEUTRAL,NEUTRAL,NEGATIVE,POSITIVE,POSITIVE,NEUTRAL,NEGATIVE,NEGATIVE,NEGATIVE,POSITIVE,NEUTRAL,POSITIVE,POSITIVE,POSITIVE,POSITIVE,POSITIVE,POSITIVE,POSITIVE,POSITIVE,POSITIVE,POSITIVE,NEUTRAL,NEUTRAL,POSITIVE,NEUTRAL,POSITIVE,NEUTRAL,POSITIVE,NEUTRAL,POSITIVE,POSITIVE,POSITIVE,NEUTRAL,POSITIVE,POSITIVE,POSITIVE,NEGATIVE,NEUTRAL,POSITIVE,POSITIVE,POSITIVE,POSITIVE,POSITIVE,POSITIVE,POSITIVE,POSITIVE,POSITIVE,NEUTRAL,POSITIVE,POSITIVE,POSITIVE,POSITIVE,POSITIVE,POSITIVE,POSITIVE,NEGATIVE,POSITIVE,POSITIVE,POSITIVE,
Other,,,,,,,,,,,,,,,,,,,,,,,,,,,,,,,,,,,,,,,,,,,,,,,,,,,,,,,,,,,,,,,,,,,,,,,,,,,,,,
Other,,,,,,,,,,,,,,,,,,,,,,,,,,,,,,,,,,,,,,,,,,,,,,,,,,,,,,,,,,,,,,,,,,,,,,,,,,,,,,
Other,POSITIVE,NEGATIVE,POSITIVE,NEUTRAL,NEUTRAL,NEGATIVE,NEUTRAL,POSITIVE,NEUTRAL,NEGATIVE,POSITIVE,POSITIVE,NEUTRAL,NEUTRAL,POSITIVE,NEGATIVE,POSITIVE,POSITIVE,NEGATIVE,NEGATIVE,NEGATIVE,NEGATIVE,NEGATIVE,POSITIVE,POSITIVE,NEGATIVE,NEUTRAL,NEGATIVE,NEGATIVE,POSITIVE,NEUTRAL,POSITIVE,NEGATIVE,NEGATIVE,NEGATIVE,POSITIVE,NEGATIVE,POSITIVE,NEGATIVE,NEGATIVE,NEUTRAL,POSITIVE,NEUTRAL,NEUTRAL,NEUTRAL,NEUTRAL,NEUTRAL,NEUTRAL,POSITIVE,POSITIVE,NEUTRAL,NEGATIVE,NEUTRAL,NEGATIVE,NEGATIVE,NEGATIVE,POSITIVE,NEUTRAL,NEUTRAL,POSITIVE,NEGATIVE,NEGATIVE,POSITIVE,NEGATIVE,NEGATIVE,NEGATIVE,NEGATIVE,NEGATIVE,NEGATIVE,NEUTRAL,NEGATIVE,POSITIVE,POSITIVE,NEUTRAL,POSITIVE,POSITIVE,POSITIVE,
Other,,,,,,,,,,,,,,,,,,,,,,,,,,,,,,,,,,,,,,,,,,,,,,,,,,,,,,,,,,,,,,,,,,,,,,,,,,,,,,
Other,NEUTRAL,NEGATIVE,POSITIVE,,,NEUTRAL,NEGATIVE,POSITIVE,NEUTRAL,POSITIVE,NEUTRAL,,,NEGATIVE,,NEUTRAL,NEUTRAL,,,NEUTRAL,NEGATIVE,NEGATIVE,NEGATIVE,NEUTRAL,NEUTRAL,NEGATIVE,NEGATIVE,NEGATIVE,,NEUTRAL,,NEUTRAL,NEGATIVE,NEGATIVE,NEUTRAL,,,NEUTRAL,,NEUTRAL,NEGATIVE,NEUTRAL,NEUTRAL,POSITIVE,NEUTRAL,NEUTRAL,NEUTRAL,,,NEUTRAL,NEGATIVE,NEGATIVE,NEGATIVE,NEUTRAL,NEGATIVE,NEGATIVE,NEUTRAL,POSITIVE,,NEUTRAL,NEGATIVE,,NEUTRAL,NEUTRAL,NEGATIVE,NEGATIVE,POSITIVE,,,NEGATIVE,NEGATIVE,NEUTRAL,NEUTRAL,NEGATIVE,POSITIVE,,NEUTRAL,
Other,NEUTRAL,NEGATIVE,POSITIVE,NEUTRAL,NEUTRAL,NEUTRAL,NEUTRAL,POSITIVE,NEUTRAL,NEUTRAL,POSITIVE,POSITIVE,NEGATIVE,NEUTRAL,POSITIVE,NEUTRAL,NEUTRAL,POSITIVE,NEUTRAL,NEGATIVE,NEGATIVE,POSITIVE,NEGATIVE,NEUTRAL,NEUTRAL,NEGATIVE,NEGATIVE,NEUTRAL,NEGATIVE,NEGATIVE,NEGATIVE,POSITIVE,NEGATIVE,NEUTRAL,POSITIVE,POSITIVE,NEUTRAL,POSITIVE,NEUTRAL,NEUTRAL,NEGATIVE,POSITIVE,POSITIVE,NEUTRAL,POSITIVE,POSITIVE,POSITIVE,NEUTRAL,NEGATIVE,NEUTRAL,NEGATIVE,NEUTRAL,POSITIVE,NEUTRAL,NEGATIVE,NEUTRAL,NEGATIVE,NEUTRAL,NEGATIVE,POSITIVE,POSITIVE,POSITIVE,,NEUTRAL,NEUTRAL,NEGATIVE,NEUTRAL,NEGATIVE,NEGATIVE,NEUTRAL,NEGATIVE,NEUTRAL,POSITIVE,NEGATIVE,POSITIVE,NEUTRAL,NEUTRAL,
Other,NEUTRAL,NEUTRAL,POSITIVE,NEUTRAL,NEUTRAL,NEGATIVE,POSITIVE,POSITIVE,POSITIVE,NEGATIVE,POSITIVE,NEUTRAL,NEUTRAL,NEUTRAL,POSITIVE,NEUTRAL,POSITIVE,NEUTRAL,NEGATIVE,NEGATIVE,NEGATIVE,NEUTRAL,NEUTRAL,NEUTRAL,POSITIVE,POSITIVE,POSITIVE,NEUTRAL,POSITIVE,POSITIVE,NEUTRAL,POSITIVE,NEUTRAL,NEUTRAL,POSITIVE,POSITIVE,POSITIVE,POSITIVE,POSITIVE,NEUTRAL,NEUTRAL,POSITIVE,POSITIVE,NEUTRAL,POSITIVE,POSITIVE,POSITIVE,NEUTRAL,POSITIVE,NEUTRAL,NEGATIVE,POSITIVE,POSITIVE,NEUTRAL,NEGATIVE,NEUTRAL,POSITIVE,NEUTRAL,NEUTRAL,POSITIVE,NEUTRAL,NEUTRAL,POSITIVE,POSITIVE,NEUTRAL,POSITIVE,NEUTRAL,NEUTRAL,NEUTRAL,NEUTRAL,NEGATIVE,POSITIVE,POSITIVE,NEUTRAL,NEUTRAL,NEGATIVE,POSITIVE,
Other,NEUTRAL,NEUTRAL,POSITIVE,POSITIVE,NEUTRAL,NEUTRAL,NEGATIVE,POSITIVE,NEGATIVE,NEGATIVE,POSITIVE,POSITIVE,POSITIVE,NEUTRAL,NEGATIVE,POSITIVE,NEUTRAL,POSITIVE,NEUTRAL,NEUTRAL,NEUTRAL,POSITIVE,NEUTRAL,NEGATIVE,NEGATIVE,NEGATIVE,NEGATIVE,POSITIVE,NEGATIVE,NEUTRAL,NEUTRAL,NEUTRAL,NEUTRAL,NEUTRAL,POSITIVE,POSITIVE,POSITIVE,POSITIVE,POSITIVE,NEUTRAL,POSITIVE,NEGATIVE,POSITIVE,POSITIVE,POSITIVE,POSITIVE,POSITIVE,POSITIVE,POSITIVE,POSITIVE,NEGATIVE,POSITIVE,POSITIVE,NEUTRAL,NEUTRAL,NEGATIVE,POSITIVE,POSITIVE,NEUTRAL,POSITIVE,POSITIVE,NEUTRAL,NEGATIVE,POSITIVE,POSITIVE,NEUTRAL,NEUTRAL,NEUTRAL,NEUTRAL,POSITIVE,POSITIVE,POSITIVE,POSITIVE,NEGATIVE,POSITIVE,POSITIVE,POSITIVE,
Other,POSITIVE,NEGATIVE,POSITIVE,NEUTRAL,POSITIVE,NEGATIVE,NEGATIVE,NEUTRAL,POSITIVE,NEGATIVE,POSITIVE,POSITIVE,NEGATIVE,NEGATIVE,NEGATIVE,NEGATIVE,POSITIVE,NEUTRAL,NEUTRAL,NEUTRAL,NEGATIVE,NEUTRAL,NEUTRAL,NEUTRAL,NEUTRAL,NEGATIVE,NEGATIVE,POSITIVE,NEUTRAL,POSITIVE,NEGATIVE,NEUTRAL,POSITIVE,POSITIVE,NEGATIVE,POSITIVE,NEUTRAL,NEUTRAL,NEUTRAL,NEUTRAL,POSITIVE,POSITIVE,NEUTRAL,NEUTRAL,NEUTRAL,NEUTRAL,NEUTRAL,NEGATIVE,POSITIVE,NEUTRAL,NEGATIVE,POSITIVE,NEUTRAL,POSITIVE,NEGATIVE,POSITIVE,POSITIVE,NEUTRAL,NEUTRAL,POSITIVE,POSITIVE,NEUTRAL,NEUTRAL,POSITIVE,NEUTRAL,NEUTRAL,NEUTRAL,NEUTRAL,NEUTRAL,NEUTRAL,NEGATIVE,POSITIVE,POSITIVE,NEGATIVE,NEUTRAL,POSITIVE,NEUTRAL,
Other,,,,,,,,,,,,,,,,,,,,,,,,,,,,,,,,,,,,,,,,,,,,,,,,,,,,,,,,,,,,,,,,,,,,,,,,,,,,,,
Other,POSITIVE,NEGATIVE,POSITIVE,NEGATIVE,NEGATIVE,NEGATIVE,NEUTRAL,NEUTRAL,POSITIVE,NEGATIVE,POSITIVE,POSITIVE,NEGATIVE,POSITIVE,NEUTRAL,NEGATIVE,POSITIVE,NEGATIVE,NEGATIVE,NEGATIVE,NEGATIVE,NEGATIVE,NEGATIVE,POSITIVE,POSITIVE,NEUTRAL,POSITIVE,NEGATIVE,NEGATIVE,NEGATIVE,NEGATIVE,POSITIVE,NEGATIVE,NEGATIVE,NEGATIVE,POSITIVE,NEGATIVE,NEGATIVE,NEGATIVE,NEGATIVE,POSITIVE,NEUTRAL,POSITIVE,POSITIVE,POSITIVE,POSITIVE,POSITIVE,NEGATIVE,POSITIVE,POSITIVE,POSITIVE,NEGATIVE,POSITIVE,NEGATIVE,NEGATIVE,NEGATIVE,POSITIVE,POSITIVE,NEGATIVE,POSITIVE,NEGATIVE,NEGATIVE,POSITIVE,NEGATIVE,NEGATIVE,NEGATIVE,NEGATIVE,NEGATIVE,NEGATIVE,NEGATIVE,NEGATIVE,NEGATIVE,POSITIVE,NEUTRAL,POSITIVE,POSITIVE,NEGATIVE,
Other,,,,,,,,,,,,,,,,,,,,,,,,,,,,,,,,,,,,,,,,,,,,,,,,,,,,,,,,,,,,,,,,,,,,,,,,,,,,,,
Other,,,,,,,,,,,,,,,,,,,,,,,,,,,,,,,,,,,,,,,,,,,,,,,,,,,,,,,,,,,,,,,,,,,,,,,,,,,,,,
Other,NEUTRAL,POSITIVE,POSITIVE,NEGATIVE,NEUTRAL,POSITIVE,NEGATIVE,POSITIVE,POSITIVE,POSITIVE,NEUTRAL,POSITIVE,NEUTRAL,NEGATIVE,NEGATIVE,NEGATIVE,NEUTRAL,NEUTRAL,NEUTRAL,NEGATIVE,NEUTRAL,POSITIVE,POSITIVE,POSITIVE,POSITIVE,NEUTRAL,POSITIVE,POSITIVE,NEGATIVE,POSITIVE,NEUTRAL,NEUTRAL,NEUTRAL,POSITIVE,NEUTRAL,NEUTRAL,NEUTRAL,NEUTRAL,NEUTRAL,NEUTRAL,POSITIVE,NEUTRAL,POSITIVE,POSITIVE,POSITIVE,POSITIVE,POSITIVE,NEUTRAL,POSITIVE,NEUTRAL,NEGATIVE,POSITIVE,NEUTRAL,POSITIVE,POSITIVE,POSITIVE,POSITIVE,POSITIVE,NEUTRAL,NEUTRAL,POSITIVE,POSITIVE,NEUTRAL,POSITIVE,NEUTRAL,POSITIVE,POSITIVE,POSITIVE,NEUTRAL,NEUTRAL,NEUTRAL,NEUTRAL,NEUTRAL,NEUTRAL,NEUTRAL,NEUTRAL,POSITIVE,
Other,,,,,,,,,,,,,,,,,,,,,,,,,,,,,,,,,,,,,,,,,,,,,,,,,,,,,,,,,,,,,,,,,,,,,,,,,,,,,,
Other,,,,,,,,,,,,,,,,,,,,,,,,,,,,,,,,,,,,,,,,,,,,,,,,,,,,,,,,,,,,,,,,,,,,,,,,,,,,,,
Other,,,,,,,,,,,,,,,,,,,,,,,,,,,,,,,,,,,,,,,,,,,,,,,,,,,,,,,,,,,,,,,,,,,,,,,,,,,,,,
Other,,,,,,,,,,,,,,,,,,,,,,,,,,,,,,,,,,,,,,,,,,,,,,,,,,,,,,,,,,,,,,,,,,,,,,,,,,,,,,
Other,,,,,,,,,,,,,,,,,,,,,,,,,,,,,,,,,,,,,,,,,,,,,,,,,,,,,,,,,,,,,,,,,,,,,,,,,,,,,,
Other,,,,,,,,,,,,,,,,,,,,,,,,,,,,,,,,,,,,,,,,,,,,,,,,,,,,,,,,,,,,,,,,,,,,,,,,,,,,,,
Other,NEUTRAL,NEGATIVE,POSITIVE,NEUTRAL,NEUTRAL,NEGATIVE,NEGATIVE,NEUTRAL,POSITIVE,POSITIVE,NEUTRAL,NEUTRAL,NEUTRAL,NEUTRAL,NEUTRAL,NEUTRAL,NEUTRAL,NEUTRAL,NEUTRAL,NEUTRAL,NEUTRAL,NEGATIVE,NEUTRAL,NEGATIVE,POSITIVE,POSITIVE,NEGATIVE,POSITIVE,,POSITIVE,,POSITIVE,POSITIVE,POSITIVE,NEGATIVE,,POSITIVE,POSITIVE,,,,POSITIVE,NEGATIVE,NEGATIVE,NEGATIVE,NEGATIVE,NEGATIVE,,,,,POSITIVE,,,POSITIVE,POSITIVE,NEGATIVE,NEGATIVE,,,POSITIVE,POSITIVE,,,POSITIVE,,NEGATIVE,,,POSITIVE,,,NEUTRAL,,POSITIVE,,,
Other,,,POSITIVE,,,,NEGATIVE,NEUTRAL,POSITIVE,NEGATIVE,POSITIVE,NEUTRAL,,,,NEUTRAL,POSITIVE,NEUTRAL,,NEUTRAL,NEGATIVE,POSITIVE,NEGATIVE,NEUTRAL,NEUTRAL,NEGATIVE,NEGATIVE,NEGATIVE,,POSITIVE,,POSITIVE,NEGATIVE,,NEGATIVE,POSITIVE,NEUTRAL,,,NEGATIVE,,POSITIVE,NEUTRAL,NEUTRAL,POSITIVE,POSITIVE,,NEGATIVE,,,NEGATIVE,NEGATIVE,POSITIVE,,NEGATIVE,NEGATIVE,NEUTRAL,NEUTRAL,,POSITIVE,NEUTRAL,NEGATIVE,NEUTRAL,POSITIVE,NEUTRAL,NEGATIVE,POSITIVE,,,NEUTRAL,NEGATIVE,NEGATIVE,POSITIVE,NEUTRAL,POSITIVE,,POSITIVE,
Other,NEUTRAL,POSITIVE,POSITIVE,POSITIVE,POSITIVE,POSITIVE,NEGATIVE,POSITIVE,POSITIVE,POSITIVE,POSITIVE,POSITIVE,NEUTRAL,NEUTRAL,NEUTRAL,NEGATIVE,NEGATIVE,NEGATIVE,NEUTRAL,POSITIVE,NEGATIVE,NEGATIVE,NEGATIVE,POSITIVE,NEUTRAL,NEGATIVE,NEGATIVE,POSITIVE,NEUTRAL,NEGATIVE,NEGATIVE,NEUTRAL,NEUTRAL,POSITIVE,NEUTRAL,NEUTRAL,NEUTRAL,NEUTRAL,NEUTRAL,POSITIVE,POSITIVE,NEUTRAL,NEUTRAL,NEUTRAL,NEUTRAL,NEUTRAL,NEUTRAL,NEUTRAL,NEUTRAL,NEUTRAL,POSITIVE,POSITIVE,POSITIVE,NEUTRAL,NEGATIVE,POSITIVE,NEUTRAL,NEUTRAL,NEUTRAL,NEUTRAL,POSITIVE,POSITIVE,POSITIVE,POSITIVE,POSITIVE,POSITIVE,NEGATIVE,NEGATIVE,NEGATIVE,NEGATIVE,NEGATIVE,NEUTRAL,POSITIVE,POSITIVE,NEUTRAL,NEGATIVE,NEGATIVE,
Other,,,,,,,,,,,,,,,,,,,,,,,,,,,,,,,,,,,,,,,,,,,,,,,,,,,,,,,,,,,,,,,,,,,,,,,,,,,,,,
Other,,,,,,,,,,,,,,,,,,,,,,,,,,,,,,,,,,,,,,,,,,,,,,,,,,,,,,,,,,,,,,,,,,,,,,,,,,,,,,
Other,NEUTRAL,NEUTRAL,POSITIVE,NEGATIVE,NEGATIVE,NEGATIVE,NEGATIVE,POSITIVE,POSITIVE,NEUTRAL,NEUTRAL,POSITIVE,NEUTRAL,NEGATIVE,NEGATIVE,NEGATIVE,NEGATIVE,NEGATIVE,NEUTRAL,NEUTRAL,NEGATIVE,POSITIVE,POSITIVE,NEGATIVE,POSITIVE,NEUTRAL,NEUTRAL,POSITIVE,NEGATIVE,NEUTRAL,NEUTRAL,NEGATIVE,NEUTRAL,NEUTRAL,NEUTRAL,POSITIVE,POSITIVE,POSITIVE,NEUTRAL,NEUTRAL,NEUTRAL,NEUTRAL,NEUTRAL,NEUTRAL,NEUTRAL,NEUTRAL,NEUTRAL,NEUTRAL,POSITIVE,NEUTRAL,NEUTRAL,POSITIVE,NEUTRAL,NEUTRAL,NEGATIVE,POSITIVE,POSITIVE,POSITIVE,NEUTRAL,POSITIVE,POSITIVE,NEUTRAL,NEUTRAL,POSITIVE,POSITIVE,NEUTRAL,NEGATIVE,NEGATIVE,NEUTRAL,NEGATIVE,NEGATIVE,NEUTRAL,NEUTRAL,NEGATIVE,POSITIVE,NEUTRAL,NEUTRAL,
Other,,,,,,,,,,,,,,,,,,,,,,,,,,,,,,,,,,,,,,,,,,,,,,,,,,,,,,,,,,,,,,,,,,,,,,,,,,,,,,
Other,NEUTRAL,NEGATIVE,NEUTRAL,NEGATIVE,,,NEUTRAL,NEUTRAL,NEUTRAL,NEGATIVE,,POSITIVE,,NEGATIVE,POSITIVE,,,,,,NEGATIVE,POSITIVE,,,POSITIVE,NEGATIVE,POSITIVE,POSITIVE,,NEGATIVE,NEGATIVE,POSITIVE,NEGATIVE,,POSITIVE,POSITIVE,POSITIVE,POSITIVE,NEUTRAL,,NEUTRAL,NEUTRAL,POSITIVE,POSITIVE,POSITIVE,POSITIVE,POSITIVE,NEGATIVE,NEGATIVE,,,NEGATIVE,,,NEGATIVE,NEGATIVE,POSITIVE,POSITIVE,,NEUTRAL,NEGATIVE,POSITIVE,NEUTRAL,POSITIVE,POSITIVE,,NEGATIVE,NEGATIVE,,NEGATIVE,NEGATIVE,,POSITIVE,POSITIVE,NEGATIVE,,,
Other,,,,,,,,,,,,,,,,,,,,,,,,,,,,,,,,,,,,,,,,,,,,,,,,,,,,,,,,,,,,,,,,,,,,,,,,,,,,,,
Other,,,,,,,,,,,,,,,,,,,,,,,,,,,,,,,,,,,,,,,,,,,,,,,,,,,,,,,,,,,,,,,,,,,,,,,,,,,,,,
Other,,,,,,,,,,,,,,,,,,,,,,,,,,,,,,,,,,,,,,,,,,,,,,,,,,,,,,,,,,,,,,,,,,,,,,,,,,,,,,
Other,POSITIVE,NEUTRAL,POSITIVE,POSITIVE,NEUTRAL,NEUTRAL,NEUTRAL,POSITIVE,NEUTRAL,NEUTRAL,POSITIVE,POSITIVE,,NEUTRAL,POSITIVE,,POSITIVE,POSITIVE,NEGATIVE,POSITIVE,NEGATIVE,POSITIVE,NEUTRAL,POSITIVE,POSITIVE,POSITIVE,POSITIVE,NEUTRAL,,POSITIVE,,POSITIVE,,POSITIVE,NEUTRAL,POSITIVE,NEUTRAL,POSITIVE,POSITIVE,POSITIVE,POSITIVE,POSITIVE,POSITIVE,POSITIVE,,,,POSITIVE,NEUTRAL,POSITIVE,NEUTRAL,NEUTRAL,POSITIVE,,NEUTRAL,NEUTRAL,POSITIVE,NEUTRAL,,NEUTRAL,NEUTRAL,,POSITIVE,NEUTRAL,NEUTRAL,NEUTRAL,NEGATIVE,,,NEUTRAL,,POSITIVE,POSITIVE,NEGATIVE,NEUTRAL,NEUTRAL,POSITIVE,
Other,,,,,,,,POSITIVE,,,,,,,,,,,,,,,,,,,POSITIVE,,,,,POSITIVE,,,,,,,,,,,,,,,,,,,,,,,,,POSITIVE,,,,,,POSITIVE,,,,,,,,,POSITIVE,,,POSITIVE,,,
Other,POSITIVE,NEGATIVE,POSITIVE,NEGATIVE,NEGATIVE,NEGATIVE,NEGATIVE,POSITIVE,NEUTRAL,POSITIVE,NEUTRAL,POSITIVE,POSITIVE,NEUTRAL,NEUTRAL,POSITIVE,POSITIVE,POSITIVE,NEUTRAL,NEGATIVE,NEUTRAL,POSITIVE,NEUTRAL,NEUTRAL,NEUTRAL,NEUTRAL,NEUTRAL,NEGATIVE,NEGATIVE,POSITIVE,NEGATIVE,NEUTRAL,NEGATIVE,NEUTRAL,POSITIVE,POSITIVE,POSITIVE,NEUTRAL,NEUTRAL,NEGATIVE,POSITIVE,POSITIVE,POSITIVE,POSITIVE,POSITIVE,POSITIVE,NEUTRAL,NEUTRAL,POSITIVE,NEUTRAL,NEGATIVE,NEGATIVE,POSITIVE,NEGATIVE,NEUTRAL,POSITIVE,NEUTRAL,NEUTRAL,NEGATIVE,NEGATIVE,NEGATIVE,NEGATIVE,POSITIVE,NEUTRAL,POSITIVE,POSITIVE,POSITIVE,NEGATIVE,NEGATIVE,NEGATIVE,NEGATIVE,NEUTRAL,NEUTRAL,NEGATIVE,NEUTRAL,NEGATIVE,POSITIVE,
Other,POSITIVE,NEGATIVE,POSITIVE,NEUTRAL,POSITIVE,NEUTRAL,POSITIVE,POSITIVE,POSITIVE,POSITIVE,NEUTRAL,POSITIVE,NEUTRAL,NEUTRAL,NEUTRAL,NEUTRAL,POSITIVE,POSITIVE,NEUTRAL,NEUTRAL,NEGATIVE,POSITIVE,NEUTRAL,POSITIVE,POSITIVE,POSITIVE,POSITIVE,NEUTRAL,NEGATIVE,NEUTRAL,NEUTRAL,POSITIVE,NEUTRAL,NEUTRAL,POSITIVE,POSITIVE,NEUTRAL,POSITIVE,POSITIVE,POSITIVE,NEUTRAL,POSITIVE,NEUTRAL,POSITIVE,NEUTRAL,NEUTRAL,POSITIVE,NEUTRAL,POSITIVE,POSITIVE,NEUTRAL,POSITIVE,POSITIVE,POSITIVE,NEUTRAL,POSITIVE,POSITIVE,POSITIVE,NEGATIVE,NEUTRAL,POSITIVE,POSITIVE,POSITIVE,POSITIVE,POSITIVE,POSITIVE,POSITIVE,NEUTRAL,NEUTRAL,NEUTRAL,NEGATIVE,POSITIVE,POSITIVE,NEUTRAL,POSITIVE,POSITIVE,POSITIVE,
Other,NEUTRAL,NEUTRAL,POSITIVE,NEUTRAL,NEUTRAL,,POSITIVE,NEUTRAL,POSITIVE,NEGATIVE,POSITIVE,POSITIVE,NEGATIVE,NEGATIVE,NEGATIVE,NEGATIVE,POSITIVE,NEGATIVE,NEGATIVE,NEGATIVE,NEGATIVE,NEGATIVE,POSITIVE,NEGATIVE,NEGATIVE,,NEGATIVE,NEGATIVE,NEGATIVE,NEGATIVE,NEGATIVE,NEGATIVE,NEGATIVE,NEGATIVE,NEGATIVE,POSITIVE,POSITIVE,NEGATIVE,NEGATIVE,NEGATIVE,NEGATIVE,,POSITIVE,POSITIVE,POSITIVE,POSITIVE,POSITIVE,NEUTRAL,NEGATIVE,POSITIVE,NEGATIVE,NEGATIVE,NEGATIVE,NEGATIVE,NEGATIVE,NEGATIVE,NEGATIVE,NEGATIVE,NEGATIVE,POSITIVE,NEGATIVE,NEGATIVE,NEGATIVE,NEGATIVE,POSITIVE,NEGATIVE,NEGATIVE,NEGATIVE,NEGATIVE,NEUTRAL,NEUTRAL,POSITIVE,NEGATIVE,POSITIVE,NEGATIVE,NEGATIVE,POSITIVE,
Other,,,,,,,,,,,,,,,,,,,,,,,,,,,,,,,,,,,,,,,,,,,,,,,,,,,,,,,,,,,,,,,,,,,,,,,,,,,,,,
Other,,,,,,,,,,,,,,,,,,,,,,,,,,,,,,,,,,,,,,,,,,,,,,,,,,,,,,,,,,,,,,,,,,,,,,,,,,,,,,
Other,,,,,,,,,,,,,,,,,,,,,,,,,,,,,,,,,,,,,,,,,,,,,,,,,,,,,,,,,,,,,,,,,,,,,,,,,,,,,,
Other,POSITIVE,NEGATIVE,POSITIVE,NEGATIVE,NEGATIVE,NEUTRAL,NEGATIVE,POSITIVE,NEUTRAL,NEUTRAL,NEGATIVE,POSITIVE,NEGATIVE,NEGATIVE,NEGATIVE,NEGATIVE,NEGATIVE,,NEGATIVE,NEUTRAL,NEGATIVE,NEUTRAL,NEUTRAL,NEGATIVE,POSITIVE,POSITIVE,POSITIVE,NEUTRAL,NEGATIVE,NEUTRAL,NEGATIVE,POSITIVE,NEUTRAL,NEUTRAL,NEUTRAL,NEGATIVE,NEUTRAL,POSITIVE,NEGATIVE,NEGATIVE,NEUTRAL,POSITIVE,POSITIVE,NEUTRAL,NEUTRAL,NEUTRAL,NEGATIVE,NEGATIVE,NEGATIVE,NEUTRAL,NEGATIVE,NEUTRAL,POSITIVE,NEUTRAL,NEGATIVE,NEUTRAL,POSITIVE,POSITIVE,NEGATIVE,NEUTRAL,NEUTRAL,NEUTRAL,NEUTRAL,NEGATIVE,POSITIVE,NEUTRAL,NEGATIVE,NEGATIVE,NEGATIVE,NEGATIVE,NEGATIVE,POSITIVE,NEUTRAL,NEGATIVE,POSITIVE,NEGATIVE,NEUTRAL,
Other,,,,,,,,,,,,,,,,,,,,,,,,,,,,,,,,,,,,,,,,,,,,,,,,,,,,,,,,,,,,,,,,,,,,,,,,,,,,,,
Other,,NEGATIVE,POSITIVE,,,,,,,,,,,,,,,,,,,,,,,,,,,,,,,,,,,,,,,,,,,,,,,,,,,,,,,,,,,,,,,,,,,,,,,,,,,
Other,,,,,,,,,,,,,,,,,,,,,,,,,,,,,,,,,,,,,,,,,,,,,,,,,,,,,,,,,,,,,,,,,,,,,,,,,,,,,,
Other,,,,,,,,,,,,,,,,,,,,,,,,,,,,,,,,,,,,,,,,,,,,,,,,,,,,,,,,,,,,,,,,,,,,,,,,,,,,,,
Other,NEUTRAL,NEGATIVE,POSITIVE,NEUTRAL,NEGATIVE,NEGATIVE,NEGATIVE,NEUTRAL,NEGATIVE,NEGATIVE,POSITIVE,POSITIVE,NEGATIVE,NEUTRAL,POSITIVE,NEUTRAL,NEUTRAL,NEGATIVE,NEUTRAL,POSITIVE,NEGATIVE,POSITIVE,NEUTRAL,POSITIVE,NEUTRAL,NEGATIVE,NEGATIVE,NEUTRAL,NEGATIVE,POSITIVE,NEGATIVE,POSITIVE,NEUTRAL,NEUTRAL,NEUTRAL,NEUTRAL,NEUTRAL,POSITIVE,NEGATIVE,POSITIVE,POSITIVE,POSITIVE,POSITIVE,POSITIVE,POSITIVE,POSITIVE,POSITIVE,NEUTRAL,NEGATIVE,POSITIVE,NEGATIVE,NEUTRAL,NEUTRAL,NEGATIVE,NEGATIVE,NEGATIVE,POSITIVE,POSITIVE,NEUTRAL,POSITIVE,POSITIVE,POSITIVE,POSITIVE,POSITIVE,POSITIVE,NEUTRAL,POSITIVE,NEGATIVE,NEGATIVE,NEGATIVE,NEUTRAL,POSITIVE,NEUTRAL,NEGATIVE,POSITIVE,NEGATIVE,POSITIVE,
Other,,NEGATIVE,NEUTRAL,NEUTRAL,,,NEGATIVE,,NEGATIVE,NEGATIVE,,POSITIVE,NEGATIVE,POSITIVE,POSITIVE,,,NEUTRAL,,POSITIVE,NEGATIVE,POSITIVE,NEUTRAL,NEGATIVE,POSITIVE,NEUTRAL,NEUTRAL,NEUTRAL,,NEUTRAL,NEUTRAL,POSITIVE,,,POSITIVE,NEUTRAL,NEGATIVE,POSITIVE,,POSITIVE,NEUTRAL,NEUTRAL,NEUTRAL,POSITIVE,NEUTRAL,POSITIVE,POSITIVE,NEUTRAL,NEGATIVE,NEGATIVE,,NEUTRAL,,,NEGATIVE,,POSITIVE,POSITIVE,,NEUTRAL,NEUTRAL,NEUTRAL,POSITIVE,POSITIVE,NEUTRAL,NEUTRAL,POSITIVE,,,NEUTRAL,NEGATIVE,NEUTRAL,POSITIVE,NEGATIVE,NEUTRAL,NEUTRAL,NEUTRAL,
Other,NEUTRAL,NEUTRAL,POSITIVE,,,POSITIVE,NEUTRAL,POSITIVE,NEUTRAL,NEUTRAL,POSITIVE,POSITIVE,NEUTRAL,NEUTRAL,POSITIVE,POSITIVE,POSITIVE,,,POSITIVE,NEGATIVE,POSITIVE,NEGATIVE,POSITIVE,POSITIVE,NEUTRAL,POSITIVE,NEGATIVE,,POSITIVE,,NEUTRAL,POSITIVE,NEUTRAL,NEUTRAL,POSITIVE,NEGATIVE,POSITIVE,,NEUTRAL,NEUTRAL,POSITIVE,NEUTRAL,POSITIVE,NEUTRAL,NEUTRAL,NEUTRAL,POSITIVE,,POSITIVE,POSITIVE,NEUTRAL,NEUTRAL,NEGATIVE,NEUTRAL,POSITIVE,POSITIVE,POSITIVE,,NEUTRAL,NEUTRAL,NEUTRAL,POSITIVE,POSITIVE,NEUTRAL,NEGATIVE,NEUTRAL,NEGATIVE,POSITIVE,NEGATIVE,NEGATIVE,POSITIVE,POSITIVE,POSITIVE,NEUTRAL,NEUTRAL,POSITIVE,
Other,,,,,,,,,,,,,,,,,,,,,,,,,,,,,,,,,,,,,,,,,,,,,,,,,,,,,,,,,,,,,,,,,,,,,,,,,,,,,,
Other,NEUTRAL,NEUTRAL,POSITIVE,POSITIVE,NEUTRAL,NEGATIVE,NEGATIVE,NEUTRAL,POSITIVE,NEGATIVE,POSITIVE,POSITIVE,NEUTRAL,NEUTRAL,NEUTRAL,NEUTRAL,NEUTRAL,NEUTRAL,NEUTRAL,NEUTRAL,NEGATIVE,POSITIVE,POSITIVE,NEUTRAL,NEGATIVE,NEGATIVE,NEGATIVE,POSITIVE,NEUTRAL,NEUTRAL,NEUTRAL,POSITIVE,POSITIVE,NEUTRAL,NEUTRAL,POSITIVE,POSITIVE,POSITIVE,NEUTRAL,NEUTRAL,NEUTRAL,NEUTRAL,POSITIVE,POSITIVE,POSITIVE,POSITIVE,POSITIVE,NEUTRAL,NEUTRAL,NEUTRAL,POSITIVE,POSITIVE,NEUTRAL,NEUTRAL,NEUTRAL,POSITIVE,POSITIVE,NEUTRAL,NEUTRAL,POSITIVE,POSITIVE,NEUTRAL,POSITIVE,NEUTRAL,POSITIVE,NEUTRAL,NEGATIVE,NEUTRAL,NEUTRAL,NEUTRAL,NEUTRAL,NEUTRAL,POSITIVE,NEGATIVE,POSITIVE,NEUTRAL,NEUTRAL,
Other,NEUTRAL,NEUTRAL,POSITIVE,NEUTRAL,NEUTRAL,NEUTRAL,NEGATIVE,POSITIVE,NEGATIVE,NEUTRAL,NEUTRAL,POSITIVE,NEUTRAL,NEUTRAL,NEUTRAL,POSITIVE,NEUTRAL,POSITIVE,NEUTRAL,NEUTRAL,NEUTRAL,POSITIVE,POSITIVE,NEUTRAL,NEGATIVE,NEGATIVE,NEGATIVE,NEUTRAL,NEUTRAL,NEUTRAL,NEUTRAL,POSITIVE,NEUTRAL,POSITIVE,POSITIVE,NEUTRAL,POSITIVE,POSITIVE,NEUTRAL,NEUTRAL,NEUTRAL,POSITIVE,POSITIVE,POSITIVE,POSITIVE,POSITIVE,POSITIVE,NEUTRAL,POSITIVE,NEUTRAL,NEUTRAL,NEUTRAL,POSITIVE,NEUTRAL,POSITIVE,NEUTRAL,POSITIVE,POSITIVE,NEUTRAL,POSITIVE,POSITIVE,NEUTRAL,POSITIVE,NEUTRAL,POSITIVE,NEUTRAL,POSITIVE,NEUTRAL,NEUTRAL,POSITIVE,NEUTRAL,NEGATIVE,POSITIVE,POSITIVE,POSITIVE,NEUTRAL,NEUTRAL,
Other,,,,,,,,,,,,,,,,,,,,,,,,,,,,,,,,,,,,,,,,,,,,,,,,,,,,,,,,,,,,,,,,,,,,,,,,,,,,,,
Other,,,,,,,,,,,,,,,,,,,,,,,,,,,,,,,,,,,,,,,,,,,,,,,,,,,,,,,,,,,,,,,,,,,,,,,,,,,,,,
Other,POSITIVE,NEUTRAL,POSITIVE,NEUTRAL,NEUTRAL,NEUTRAL,NEGATIVE,POSITIVE,NEUTRAL,NEGATIVE,POSITIVE,NEUTRAL,POSITIVE,POSITIVE,NEUTRAL,NEUTRAL,POSITIVE,NEUTRAL,POSITIVE,NEUTRAL,NEUTRAL,POSITIVE,NEGATIVE,NEGATIVE,POSITIVE,NEUTRAL,NEUTRAL,POSITIVE,NEUTRAL,POSITIVE,NEGATIVE,POSITIVE,NEGATIVE,POSITIVE,NEGATIVE,POSITIVE,POSITIVE,POSITIVE,NEGATIVE,NEGATIVE,NEUTRAL,POSITIVE,POSITIVE,POSITIVE,POSITIVE,POSITIVE,POSITIVE,POSITIVE,NEGATIVE,POSITIVE,NEUTRAL,POSITIVE,POSITIVE,NEUTRAL,NEGATIVE,POSITIVE,POSITIVE,POSITIVE,NEUTRAL,POSITIVE,NEUTRAL,POSITIVE,POSITIVE,POSITIVE,NEUTRAL,NEUTRAL,NEGATIVE,NEGATIVE,NEUTRAL,NEGATIVE,NEGATIVE,POSITIVE,NEGATIVE,POSITIVE,POSITIVE,POSITIVE,POSITIVE,
Other,NEUTRAL,NEGATIVE,POSITIVE,NEGATIVE,NEUTRAL,NEUTRAL,NEUTRAL,POSITIVE,NEGATIVE,NEGATIVE,NEUTRAL,POSITIVE,NEGATIVE,NEGATIVE,NEGATIVE,NEUTRAL,NEUTRAL,NEUTRAL,NEGATIVE,NEUTRAL,NEGATIVE,NEUTRAL,POSITIVE,NEGATIVE,POSITIVE,NEUTRAL,NEUTRAL,NEGATIVE,NEGATIVE,NEGATIVE,NEGATIVE,NEUTRAL,NEGATIVE,NEUTRAL,NEGATIVE,POSITIVE,NEUTRAL,NEUTRAL,POSITIVE,NEUTRAL,POSITIVE,POSITIVE,NEUTRAL,POSITIVE,NEUTRAL,NEUTRAL,NEUTRAL,NEGATIVE,NEGATIVE,NEUTRAL,NEGATIVE,NEUTRAL,NEUTRAL,NEUTRAL,NEUTRAL,NEUTRAL,NEUTRAL,NEUTRAL,POSITIVE,POSITIVE,NEUTRAL,NEUTRAL,POSITIVE,POSITIVE,POSITIVE,NEUTRAL,NEUTRAL,NEGATIVE,NEUTRAL,NEGATIVE,NEGATIVE,NEUTRAL,POSITIVE,NEGATIVE,POSITIVE,NEUTRAL,NEGATIVE,
Other,,NEUTRAL,POSITIVE,NEGATIVE,,,NEUTRAL,POSITIVE,POSITIVE,NEGATIVE,POSITIVE,,,,,,,,,,,NEGATIVE,NEUTRAL,NEGATIVE,NEUTRAL,NEUTRAL,NEUTRAL,NEUTRAL,,,,POSITIVE,,NEUTRAL,NEUTRAL,POSITIVE,POSITIVE,POSITIVE,POSITIVE,NEGATIVE,NEUTRAL,POSITIVE,POSITIVE,POSITIVE,POSITIVE,POSITIVE,POSITIVE,,,,,NEUTRAL,POSITIVE,,,NEUTRAL,NEUTRAL,NEUTRAL,,POSITIVE,NEUTRAL,NEUTRAL,POSITIVE,NEGATIVE,NEUTRAL,,,,,NEGATIVE,NEGATIVE,POSITIVE,POSITIVE,NEGATIVE,POSITIVE,,,
Other,NEUTRAL,NEGATIVE,POSITIVE,,,,POSITIVE,POSITIVE,NEGATIVE,POSITIVE,,POSITIVE,,POSITIVE,,POSITIVE,POSITIVE,POSITIVE,,,POSITIVE,POSITIVE,,POSITIVE,POSITIVE,NEGATIVE,POSITIVE,POSITIVE,,POSITIVE,NEGATIVE,POSITIVE,POSITIVE,POSITIVE,POSITIVE,,,,,POSITIVE,POSITIVE,POSITIVE,POSITIVE,POSITIVE,POSITIVE,POSITIVE,POSITIVE,,,NEGATIVE,POSITIVE,POSITIVE,,,POSITIVE,,NEUTRAL,NEUTRAL,,,POSITIVE,NEGATIVE,POSITIVE,,POSITIVE,POSITIVE,POSITIVE,,,POSITIVE,NEGATIVE,,POSITIVE,NEUTRAL,POSITIVE,,,
Other,POSITIVE,,POSITIVE,NEGATIVE,NEGATIVE,POSITIVE,NEGATIVE,POSITIVE,NEGATIVE,NEUTRAL,NEUTRAL,NEGATIVE,NEUTRAL,NEGATIVE,NEGATIVE,POSITIVE,NEUTRAL,NEUTRAL,NEUTRAL,NEUTRAL,POSITIVE,POSITIVE,NEUTRAL,POSITIVE,NEGATIVE,POSITIVE,POSITIVE,NEUTRAL,POSITIVE,NEGATIVE,NEUTRAL,POSITIVE,POSITIVE,POSITIVE,POSITIVE,POSITIVE,NEUTRAL,POSITIVE,NEUTRAL,POSITIVE,POSITIVE,POSITIVE,POSITIVE,POSITIVE,,,,NEUTRAL,NEGATIVE,NEUTRAL,NEGATIVE,POSITIVE,POSITIVE,POSITIVE,NEGATIVE,NEUTRAL,POSITIVE,POSITIVE,POSITIVE,POSITIVE,POSITIVE,POSITIVE,POSITIVE,POSITIVE,POSITIVE,NEUTRAL,POSITIVE,NEGATIVE,POSITIVE,NEUTRAL,NEUTRAL,POSITIVE,POSITIVE,NEGATIVE,POSITIVE,POSITIVE,NEGATIVE,
Other,POSITIVE,NEUTRAL,POSITIVE,NEUTRAL,,NEGATIVE,NEGATIVE,POSITIVE,NEUTRAL,NEGATIVE,POSITIVE,POSITIVE,NEGATIVE,NEGATIVE,POSITIVE,NEGATIVE,NEUTRAL,POSITIVE,POSITIVE,POSITIVE,NEUTRAL,POSITIVE,NEUTRAL,POSITIVE,NEUTRAL,NEUTRAL,NEUTRAL,POSITIVE,,POSITIVE,,POSITIVE,POSITIVE,NEUTRAL,POSITIVE,POSITIVE,NEUTRAL,POSITIVE,POSITIVE,POSITIVE,POSITIVE,POSITIVE,POSITIVE,POSITIVE,POSITIVE,POSITIVE,POSITIVE,,POSITIVE,POSITIVE,NEGATIVE,POSITIVE,POSITIVE,NEUTRAL,NEGATIVE,NEUTRAL,POSITIVE,NEUTRAL,,POSITIVE,POSITIVE,NEGATIVE,POSITIVE,NEUTRAL,POSITIVE,NEGATIVE,POSITIVE,,POSITIVE,NEUTRAL,NEGATIVE,POSITIVE,POSITIVE,NEUTRAL,POSITIVE,NEUTRAL,POSITIVE,
Other,POSITIVE,POSITIVE,POSITIVE,POSITIVE,NEUTRAL,NEUTRAL,NEGATIVE,POSITIVE,POSITIVE,POSITIVE,POSITIVE,POSITIVE,POSITIVE,POSITIVE,POSITIVE,NEGATIVE,NEUTRAL,NEGATIVE,NEUTRAL,POSITIVE,NEGATIVE,NEUTRAL,NEUTRAL,NEGATIVE,NEUTRAL,NEUTRAL,NEUTRAL,NEUTRAL,NEGATIVE,POSITIVE,NEGATIVE,POSITIVE,POSITIVE,POSITIVE,POSITIVE,POSITIVE,POSITIVE,POSITIVE,POSITIVE,POSITIVE,POSITIVE,POSITIVE,POSITIVE,POSITIVE,POSITIVE,POSITIVE,POSITIVE,NEUTRAL,NEUTRAL,POSITIVE,NEUTRAL,NEUTRAL,POSITIVE,NEUTRAL,NEGATIVE,NEGATIVE,POSITIVE,POSITIVE,NEUTRAL,POSITIVE,NEUTRAL,NEUTRAL,POSITIVE,NEUTRAL,NEUTRAL,NEUTRAL,NEUTRAL,NEGATIVE,NEUTRAL,NEGATIVE,NEGATIVE,POSITIVE,POSITIVE,POSITIVE,NEUTRAL,POSITIVE,POSITIVE,
Other,NEUTRAL,NEGATIVE,POSITIVE,NEGATIVE,NEUTRAL,NEUTRAL,NEGATIVE,POSITIVE,NEUTRAL,NEUTRAL,NEUTRAL,NEUTRAL,NEUTRAL,NEUTRAL,NEUTRAL,NEUTRAL,POSITIVE,NEGATIVE,NEUTRAL,NEGATIVE,NEGATIVE,NEUTRAL,NEGATIVE,POSITIVE,POSITIVE,POSITIVE,POSITIVE,NEGATIVE,NEGATIVE,POSITIVE,NEGATIVE,POSITIVE,NEUTRAL,POSITIVE,POSITIVE,NEGATIVE,NEUTRAL,NEUTRAL,NEGATIVE,NEGATIVE,NEUTRAL,POSITIVE,POSITIVE,POSITIVE,POSITIVE,POSITIVE,POSITIVE,NEUTRAL,POSITIVE,POSITIVE,NEGATIVE,POSITIVE,POSITIVE,NEGATIVE,NEGATIVE,POSITIVE,POSITIVE,NEUTRAL,POSITIVE,POSITIVE,POSITIVE,POSITIVE,POSITIVE,NEUTRAL,NEUTRAL,NEUTRAL,NEUTRAL,NEUTRAL,NEUTRAL,NEUTRAL,NEGATIVE,POSITIVE,NEUTRAL,NEUTRAL,POSITIVE,POSITIVE,POSITIVE,
Other,,,,,,,,,,,,,,,,,,,,,,,,,,,,,,,,,,,,,,,,,,,,,,,,,,,,,,,,,,,,,,,,,,,,,,,,,,,,,,
Other,NEUTRAL,NEUTRAL,POSITIVE,NEGATIVE,NEUTRAL,NEUTRAL,NEGATIVE,POSITIVE,POSITIVE,NEUTRAL,POSITIVE,POSITIVE,NEGATIVE,NEUTRAL,POSITIVE,NEUTRAL,POSITIVE,POSITIVE,NEUTRAL,NEUTRAL,NEGATIVE,NEGATIVE,NEGATIVE,NEGATIVE,NEUTRAL,NEUTRAL,NEUTRAL,NEGATIVE,NEGATIVE,NEGATIVE,NEGATIVE,POSITIVE,NEUTRAL,NEUTRAL,NEGATIVE,POSITIVE,NEUTRAL,NEUTRAL,NEGATIVE,NEUTRAL,NEUTRAL,POSITIVE,POSITIVE,POSITIVE,POSITIVE,POSITIVE,POSITIVE,POSITIVE,NEUTRAL,POSITIVE,POSITIVE,POSITIVE,POSITIVE,NEUTRAL,NEGATIVE,NEGATIVE,POSITIVE,POSITIVE,NEUTRAL,POSITIVE,NEUTRAL,NEGATIVE,POSITIVE,POSITIVE,POSITIVE,POSITIVE,NEUTRAL,POSITIVE,POSITIVE,NEUTRAL,NEUTRAL,POSITIVE,POSITIVE,NEGATIVE,POSITIVE,NEGATIVE,POSITIVE,
Other,,,,,,,,,,,,,,,,,,,,,,,,,,,,,,,,,,,,,,,,,,,,,,,,,,,,,,,,,,,,,,,,,,,,,,,,,,,,,,
Other,,,,,,,,,,,,,,,,,,,,,,,,,,,,,,,,,,,,,,,,,,,,,,,,,,,,,,,,,,,,,,,,,,,,,,,,,,,,,,
Other,NEUTRAL,NEUTRAL,POSITIVE,NEUTRAL,NEUTRAL,POSITIVE,POSITIVE,POSITIVE,NEUTRAL,NEUTRAL,POSITIVE,NEGATIVE,NEUTRAL,POSITIVE,POSITIVE,POSITIVE,POSITIVE,NEUTRAL,NEUTRAL,POSITIVE,NEUTRAL,NEUTRAL,NEUTRAL,POSITIVE,POSITIVE,POSITIVE,POSITIVE,POSITIVE,NEGATIVE,POSITIVE,POSITIVE,POSITIVE,POSITIVE,POSITIVE,POSITIVE,POSITIVE,POSITIVE,POSITIVE,POSITIVE,POSITIVE,POSITIVE,POSITIVE,POSITIVE,POSITIVE,POSITIVE,POSITIVE,POSITIVE,POSITIVE,NEUTRAL,POSITIVE,NEUTRAL,POSITIVE,POSITIVE,POSITIVE,POSITIVE,POSITIVE,POSITIVE,POSITIVE,POSITIVE,POSITIVE,POSITIVE,POSITIVE,POSITIVE,POSITIVE,POSITIVE,POSITIVE,POSITIVE,POSITIVE,POSITIVE,POSITIVE,POSITIVE,POSITIVE,POSITIVE,POSITIVE,POSITIVE,POSITIVE,POSITIVE,
Other,POSITIVE,NEGATIVE,POSITIVE,NEGATIVE,NEGATIVE,NEUTRAL,NEGATIVE,NEGATIVE,NEGATIVE,NEGATIVE,NEGATIVE,NEUTRAL,NEGATIVE,NEGATIVE,NEGATIVE,NEGATIVE,NEGATIVE,NEGATIVE,NEGATIVE,NEGATIVE,NEGATIVE,NEGATIVE,NEGATIVE,NEUTRAL,POSITIVE,NEUTRAL,NEUTRAL,NEUTRAL,NEGATIVE,NEUTRAL,NEGATIVE,POSITIVE,POSITIVE,NEGATIVE,NEUTRAL,NEUTRAL,NEGATIVE,POSITIVE,NEGATIVE,NEGATIVE,POSITIVE,NEUTRAL,NEUTRAL,NEUTRAL,NEUTRAL,NEUTRAL,NEUTRAL,NEGATIVE,NEGATIVE,NEUTRAL,NEGATIVE,POSITIVE,POSITIVE,NEUTRAL,NEGATIVE,NEGATIVE,NEUTRAL,NEUTRAL,NEGATIVE,POSITIVE,NEUTRAL,NEUTRAL,POSITIVE,POSITIVE,POSITIVE,NEUTRAL,NEUTRAL,NEGATIVE,NEGATIVE,NEGATIVE,NEGATIVE,NEUTRAL,NEUTRAL,NEUTRAL,POSITIVE,NEUTRAL,NEGATIVE,
Other,POSITIVE,NEUTRAL,POSITIVE,NEUTRAL,NEGATIVE,POSITIVE,NEGATIVE,POSITIVE,POSITIVE,NEUTRAL,POSITIVE,POSITIVE,NEGATIVE,NEGATIVE,NEGATIVE,NEGATIVE,NEUTRAL,NEGATIVE,NEGATIVE,NEGATIVE,NEGATIVE,POSITIVE,NEUTRAL,POSITIVE,NEUTRAL,NEUTRAL,NEUTRAL,NEUTRAL,NEGATIVE,POSITIVE,NEGATIVE,NEUTRAL,NEUTRAL,NEUTRAL,NEUTRAL,NEGATIVE,NEUTRAL,NEUTRAL,NEGATIVE,NEGATIVE,POSITIVE,NEUTRAL,NEUTRAL,POSITIVE,NEUTRAL,NEUTRAL,NEUTRAL,NEUTRAL,NEGATIVE,NEUTRAL,NEGATIVE,POSITIVE,POSITIVE,NEGATIVE,NEUTRAL,NEUTRAL,POSITIVE,NEUTRAL,NEGATIVE,NEUTRAL,NEUTRAL,POSITIVE,NEUTRAL,POSITIVE,NEUTRAL,NEUTRAL,NEGATIVE,NEGATIVE,NEUTRAL,NEGATIVE,NEUTRAL,NEUTRAL,NEUTRAL,NEGATIVE,NEUTRAL,POSITIVE,NEUTRAL,
Other,POSITIVE,NEGATIVE,POSITIVE,NEUTRAL,NEUTRAL,NEGATIVE,NEGATIVE,POSITIVE,POSITIVE,NEUTRAL,POSITIVE,POSITIVE,NEUTRAL,NEGATIVE,NEUTRAL,POSITIVE,NEUTRAL,POSITIVE,NEUTRAL,POSITIVE,NEUTRAL,POSITIVE,NEUTRAL,POSITIVE,NEUTRAL,NEGATIVE,NEGATIVE,NEUTRAL,NEUTRAL,NEUTRAL,NEUTRAL,POSITIVE,POSITIVE,NEUTRAL,POSITIVE,POSITIVE,NEUTRAL,POSITIVE,NEUTRAL,POSITIVE,POSITIVE,POSITIVE,NEUTRAL,POSITIVE,NEUTRAL,NEUTRAL,NEUTRAL,NEUTRAL,NEUTRAL,POSITIVE,POSITIVE,POSITIVE,POSITIVE,POSITIVE,NEGATIVE,NEGATIVE,POSITIVE,NEUTRAL,NEUTRAL,NEUTRAL,NEUTRAL,NEGATIVE,POSITIVE,POSITIVE,NEUTRAL,NEUTRAL,POSITIVE,NEUTRAL,NEUTRAL,NEUTRAL,NEGATIVE,POSITIVE,POSITIVE,NEGATIVE,POSITIVE,POSITIVE,NEUTRAL,
Other,,,,,,,,,,,,,,,,,,,,,,,,,,,,,,,,,,,,,,,,,,,,,,,,,,,,,,,,,,,,,,,,,,,,,,,,,,,,,,
Other,,,,,,,,,,,,,,,,,,,,,,,,,,,,,,,,,,,,,,,,,,,,,,,,,,,,,,,,,,,,,,,,,,,,,,,,,,,,,,
Other,NEUTRAL,NEGATIVE,POSITIVE,NEGATIVE,NEUTRAL,POSITIVE,NEGATIVE,POSITIVE,NEGATIVE,NEUTRAL,POSITIVE,POSITIVE,NEGATIVE,NEGATIVE,NEGATIVE,POSITIVE,NEUTRAL,NEGATIVE,NEUTRAL,NEUTRAL,NEGATIVE,NEGATIVE,NEGATIVE,POSITIVE,POSITIVE,NEGATIVE,POSITIVE,NEGATIVE,NEGATIVE,NEUTRAL,NEUTRAL,POSITIVE,NEGATIVE,POSITIVE,NEUTRAL,POSITIVE,NEGATIVE,POSITIVE,NEGATIVE,NEUTRAL,NEGATIVE,POSITIVE,POSITIVE,POSITIVE,NEUTRAL,NEUTRAL,NEUTRAL,NEGATIVE,NEUTRAL,NEGATIVE,NEUTRAL,POSITIVE,POSITIVE,POSITIVE,NEGATIVE,NEUTRAL,POSITIVE,NEUTRAL,NEGATIVE,POSITIVE,NEUTRAL,POSITIVE,POSITIVE,POSITIVE,NEUTRAL,NEGATIVE,NEGATIVE,NEGATIVE,NEGATIVE,NEGATIVE,NEGATIVE,NEGATIVE,POSITIVE,NEGATIVE,POSITIVE,NEGATIVE,NEGATIVE,
Other,POSITIVE,NEGATIVE,POSITIVE,NEGATIVE,NEGATIVE,NEGATIVE,NEGATIVE,POSITIVE,NEUTRAL,NEGATIVE,POSITIVE,POSITIVE,NEGATIVE,NEGATIVE,NEUTRAL,NEGATIVE,NEUTRAL,NEGATIVE,POSITIVE,NEGATIVE,NEGATIVE,NEUTRAL,NEGATIVE,POSITIVE,NEGATIVE,NEGATIVE,NEGATIVE,NEGATIVE,NEGATIVE,NEGATIVE,NEGATIVE,NEUTRAL,NEGATIVE,NEGATIVE,NEGATIVE,POSITIVE,NEGATIVE,NEUTRAL,NEGATIVE,NEGATIVE,NEGATIVE,NEUTRAL,NEGATIVE,NEGATIVE,NEGATIVE,NEGATIVE,NEGATIVE,NEGATIVE,POSITIVE,POSITIVE,NEGATIVE,NEUTRAL,NEUTRAL,NEGATIVE,NEGATIVE,NEGATIVE,NEGATIVE,NEGATIVE,NEUTRAL,NEUTRAL,NEGATIVE,NEGATIVE,NEGATIVE,NEGATIVE,NEGATIVE,NEUTRAL,NEGATIVE,NEGATIVE,NEGATIVE,NEGATIVE,NEGATIVE,NEGATIVE,NEUTRAL,NEGATIVE,NEUTRAL,NEGATIVE,NEGATIVE,
Other,NEUTRAL,NEGATIVE,POSITIVE,NEGATIVE,POSITIVE,NEUTRAL,NEUTRAL,POSITIVE,POSITIVE,NEGATIVE,POSITIVE,POSITIVE,POSITIVE,NEUTRAL,NEUTRAL,NEUTRAL,POSITIVE,NEGATIVE,NEUTRAL,NEGATIVE,NEGATIVE,NEGATIVE,NEUTRAL,POSITIVE,NEUTRAL,POSITIVE,POSITIVE,POSITIVE,,POSITIVE,NEGATIVE,POSITIVE,NEUTRAL,NEUTRAL,NEUTRAL,POSITIVE,NEUTRAL,POSITIVE,NEGATIVE,NEUTRAL,NEUTRAL,NEUTRAL,POSITIVE,POSITIVE,NEUTRAL,NEUTRAL,NEUTRAL,NEUTRAL,NEUTRAL,NEUTRAL,NEGATIVE,NEUTRAL,NEUTRAL,NEUTRAL,NEGATIVE,NEUTRAL,POSITIVE,POSITIVE,NEGATIVE,POSITIVE,NEUTRAL,NEUTRAL,POSITIVE,POSITIVE,POSITIVE,NEUTRAL,NEGATIVE,NEGATIVE,NEUTRAL,NEUTRAL,NEGATIVE,NEUTRAL,POSITIVE,NEUTRAL,POSITIVE,POSITIVE,POSITIVE,
Other,NEUTRAL,POSITIVE,POSITIVE,NEUTRAL,NEUTRAL,NEUTRAL,NEUTRAL,POSITIVE,NEUTRAL,NEUTRAL,POSITIVE,NEUTRAL,NEUTRAL,POSITIVE,POSITIVE,POSITIVE,NEUTRAL,NEUTRAL,NEUTRAL,POSITIVE,NEUTRAL,POSITIVE,POSITIVE,POSITIVE,NEUTRAL,POSITIVE,POSITIVE,POSITIVE,NEUTRAL,NEUTRAL,NEUTRAL,POSITIVE,NEUTRAL,POSITIVE,NEUTRAL,POSITIVE,NEUTRAL,POSITIVE,NEUTRAL,POSITIVE,NEGATIVE,NEUTRAL,POSITIVE,POSITIVE,POSITIVE,POSITIVE,POSITIVE,NEUTRAL,NEUTRAL,POSITIVE,NEGATIVE,NEUTRAL,POSITIVE,POSITIVE,NEUTRAL,POSITIVE,POSITIVE,POSITIVE,NEUTRAL,NEUTRAL,NEUTRAL,POSITIVE,POSITIVE,POSITIVE,POSITIVE,POSITIVE,POSITIVE,NEUTRAL,POSITIVE,NEUTRAL,NEGATIVE,NEGATIVE,NEUTRAL,NEUTRAL,POSITIVE,POSITIVE,NEUTRAL,
Other,,,,,,,,,,,,,,,,,,,,,,,,,,,,,,,,,,,,,,,,,,,,,,,,,,,,,,,,,,,,,,,,,,,,,,,,,,,,,,
Other,,,,,,,,,,,,,,,,,,,,,,,,,,,,,,,,,,,,,,,,,,,,,,,,,,,,,,,,,,,,,,,,,,,,,,,,,,,,,,
Other,,,,,,,,,,,,,,,,,,,,,,,,,,,,,,,,,,,,,,,,,,,,,,,,,,,,,,,,,,,,,,,,,,,,,,,,,,,,,,
Other,,,,,,,,,,,,,,,,,,,,,,,,,,,,,,,,,,,,,,,,,,,,,,,,,,,,,,,,,,,,,,,,,,,,,,,,,,,,,,
Other,,,,,,,,,,,,,,,,,,,,,,,,,,,,,,,,,,,,,,,,,,,,,,,,,,,,,,,,,,,,,,,,,,,,,,,,,,,,,,
Other,,,,,,,,,,,,,,,,,,,,,,,,,,,,,,,,,,,,,,,,,,,,,,,,,,,,,,,,,,,,,,,,,,,,,,,,,,,,,,
Other,,,,,,,,,,,,,,,,,,,,,,,,,,,,,,,,,,,,,,,,,,,,,,,,,,,,,,,,,,,,,,,,,,,,,,,,,,,,,,
Other,,,,,,,,,,,,,,,,,,,,,,,,,,,,,,,,,,,,,,,,,,,,,,,,,,,,,,,,,,,,,,,,,,,,,,,,,,,,,,
Other,,,,,,,,,,,,,,,,,,,,,,,,,,,,,,,,,,,,,,,,,,,,,,,,,,,,,,,,,,,,,,,,,,,,,,,,,,,,,,
Other,,,,,,,,,,,,,,,,,,,,,,,,,,,,,,,,,,,,,,,,,,,,,,,,,,,,,,,,,,,,,,,,,,,,,,,,,,,,,,
Other,,,POSITIVE,,,POSITIVE,NEGATIVE,NEUTRAL,POSITIVE,POSITIVE,NEUTRAL,NEUTRAL,NEUTRAL,NEGATIVE,NEUTRAL,NEUTRAL,NEGATIVE,POSITIVE,POSITIVE,,NEGATIVE,NEGATIVE,NEGATIVE,POSITIVE,NEGATIVE,NEUTRAL,NEUTRAL,NEUTRAL,,NEGATIVE,,NEUTRAL,POSITIVE,NEUTRAL,NEUTRAL,,NEGATIVE,NEGATIVE,NEGATIVE,NEGATIVE,NEUTRAL,NEGATIVE,NEUTRAL,NEUTRAL,NEUTRAL,NEUTRAL,NEUTRAL,NEGATIVE,,,NEGATIVE,POSITIVE,NEUTRAL,,,NEUTRAL,POSITIVE,POSITIVE,,NEUTRAL,NEUTRAL,NEGATIVE,POSITIVE,POSITIVE,NEUTRAL,NEUTRAL,NEGATIVE,,,,,NEGATIVE,,NEGATIVE,NEUTRAL,POSITIVE,POSITIVE,
Other,,,POSITIVE,,,,NEUTRAL,,NEUTRAL,NEGATIVE,POSITIVE,POSITIVE,,,,,,,,,,,NEGATIVE,,NEUTRAL,NEUTRAL,NEUTRAL,,,,,POSITIVE,,,NEUTRAL,POSITIVE,NEUTRAL,POSITIVE,,,NEUTRAL,POSITIVE,POSITIVE,POSITIVE,POSITIVE,POSITIVE,POSITIVE,,,,,POSITIVE,,,,,POSITIVE,POSITIVE,,NEUTRAL,NEUTRAL,NEUTRAL,POSITIVE,,NEUTRAL,,,POSITIVE,,NEGATIVE,,,NEUTRAL,NEGATIVE,NEUTRAL,,,
Other,POSITIVE,,POSITIVE,NEGATIVE,,NEGATIVE,NEGATIVE,POSITIVE,POSITIVE,NEGATIVE,NEUTRAL,NEUTRAL,,NEGATIVE,,NEGATIVE,POSITIVE,NEUTRAL,POSITIVE,NEUTRAL,NEGATIVE,NEGATIVE,NEGATIVE,NEUTRAL,POSITIVE,POSITIVE,NEUTRAL,NEUTRAL,NEGATIVE,NEUTRAL,NEUTRAL,POSITIVE,NEUTRAL,NEGATIVE,NEGATIVE,POSITIVE,NEUTRAL,POSITIVE,,,NEUTRAL,POSITIVE,NEUTRAL,POSITIVE,NEUTRAL,NEUTRAL,NEUTRAL,NEUTRAL,,POSITIVE,NEGATIVE,NEGATIVE,NEUTRAL,,NEGATIVE,NEGATIVE,POSITIVE,NEUTRAL,POSITIVE,POSITIVE,NEGATIVE,NEGATIVE,POSITIVE,NEGATIVE,NEGATIVE,NEGATIVE,NEGATIVE,NEGATIVE,,NEGATIVE,NEGATIVE,POSITIVE,POSITIVE,NEUTRAL,POSITIVE,NEUTRAL,NEUTRAL,
Other,,,POSITIVE,,,,NEUTRAL,,NEGATIVE,,,,,,,,NEUTRAL,,,,,,POSITIVE,,,,,,,,,POSITIVE,,,,POSITIVE,,NEUTRAL,,,,POSITIVE,NEGATIVE,POSITIVE,,,,,,,,NEGATIVE,,,,,NEGATIVE,POSITIVE,,,NEGATIVE,,POSITIVE,,NEGATIVE,,NEGATIVE,NEGATIVE,,NEGATIVE,,,POSITIVE,POSITIVE,POSITIVE,,,
Other,,,,,,,,,,,,,,,,,,,,,,,,,,,,,,,,,,,,,,,,,,,,,,,,,,,,,,,,,,,,,,,,,,,,,,,,,,,,,,
Other,POSITIVE,POSITIVE,POSITIVE,,,POSITIVE,POSITIVE,POSITIVE,POSITIVE,POSITIVE,,POSITIVE,POSITIVE,POSITIVE,POSITIVE,POSITIVE,,POSITIVE,,POSITIVE,,POSITIVE,POSITIVE,POSITIVE,POSITIVE,POSITIVE,POSITIVE,POSITIVE,,,POSITIVE,,,POSITIVE,NEGATIVE,POSITIVE,POSITIVE,POSITIVE,,POSITIVE,POSITIVE,POSITIVE,POSITIVE,POSITIVE,POSITIVE,POSITIVE,,POSITIVE,POSITIVE,,NEGATIVE,,,POSITIVE,NEUTRAL,POSITIVE,POSITIVE,POSITIVE,,,,,,POSITIVE,,POSITIVE,POSITIVE,,,,NEUTRAL,,,,,,,
Other,POSITIVE,NEGATIVE,NEUTRAL,,,,,POSITIVE,POSITIVE,NEGATIVE,NEUTRAL,NEUTRAL,,NEGATIVE,,,POSITIVE,,,,NEGATIVE,,NEGATIVE,POSITIVE,NEUTRAL,NEGATIVE,NEGATIVE,POSITIVE,,,,POSITIVE,NEGATIVE,NEGATIVE,NEGATIVE,POSITIVE,NEGATIVE,,,NEGATIVE,NEGATIVE,NEUTRAL,NEGATIVE,NEGATIVE,NEGATIVE,NEGATIVE,NEGATIVE,NEGATIVE,POSITIVE,NEGATIVE,NEGATIVE,NEGATIVE,NEGATIVE,NEGATIVE,NEGATIVE,NEGATIVE,POSITIVE,POSITIVE,NEGATIVE,NEUTRAL,NEUTRAL,NEGATIVE,NEUTRAL,NEGATIVE,NEGATIVE,NEGATIVE,NEGATIVE,NEGATIVE,NEGATIVE,NEGATIVE,NEGATIVE,NEGATIVE,NEUTRAL,NEGATIVE,NEUTRAL,,NEGATIVE,
Other,NEUTRAL,NEGATIVE,POSITIVE,NEUTRAL,NEUTRAL,NEUTRAL,POSITIVE,POSITIVE,NEGATIVE,NEGATIVE,NEUTRAL,NEGATIVE,NEGATIVE,POSITIVE,NEGATIVE,POSITIVE,NEGATIVE,NEGATIVE,NEGATIVE,NEGATIVE,NEGATIVE,NEGATIVE,NEGATIVE,NEGATIVE,POSITIVE,POSITIVE,NEGATIVE,POSITIVE,NEGATIVE,NEGATIVE,NEGATIVE,POSITIVE,NEGATIVE,,POSITIVE,NEUTRAL,NEUTRAL,NEUTRAL,NEUTRAL,POSITIVE,POSITIVE,NEUTRAL,NEUTRAL,POSITIVE,NEGATIVE,NEGATIVE,NEGATIVE,NEGATIVE,NEGATIVE,NEGATIVE,POSITIVE,NEUTRAL,POSITIVE,NEGATIVE,NEGATIVE,POSITIVE,POSITIVE,POSITIVE,NEGATIVE,POSITIVE,NEUTRAL,NEUTRAL,POSITIVE,NEUTRAL,NEUTRAL,NEUTRAL,NEGATIVE,NEGATIVE,NEUTRAL,NEGATIVE,NEGATIVE,NEGATIVE,NEUTRAL,NEGATIVE,POSITIVE,NEGATIVE,,
Other,,,,,,,,,,,,,,,,,,,,,,,,,,,,,,,,,,,,,,,,,,,,,,,,,,,,,,,,,,,,,,,,,,,,,,,,,,,,,,
Other,,,,,,,,,,,,,,,,,,,,,,,,,,,,,,,,,,,,,,,,,,,,,,,,,,,,,,,,,,,,,,,,,,,,,,,,,,,,,,
Other,,,,,,,,,,,,,,,,,,,,,,,,,,,,,,,,,,,,,,,,,,,,,,,,,,,,,,,,,,,,,,,,,,,,,,,,,,,,,,
Other,,,,,,,,,,,,,,,,,,,,,,,,,,,,,,,,,,,,,,,,,,,,,,,,,,,,,,,,,,,,,,,,,,,,,,,,,,,,,,
Other,,,,,,,,,,,,,,,,,,,,,,,,,,,,,,,,,,,,,,,,,,,,,,,,,,,,,,,,,,,,,,,,,,,,,,,,,,,,,,
Other,POSITIVE,POSITIVE,POSITIVE,POSITIVE,POSITIVE,NEGATIVE,POSITIVE,NEGATIVE,POSITIVE,NEGATIVE,POSITIVE,POSITIVE,POSITIVE,NEUTRAL,NEUTRAL,NEUTRAL,POSITIVE,POSITIVE,NEUTRAL,NEUTRAL,NEGATIVE,POSITIVE,NEUTRAL,POSITIVE,POSITIVE,POSITIVE,POSITIVE,POSITIVE,NEGATIVE,POSITIVE,POSITIVE,POSITIVE,POSITIVE,POSITIVE,POSITIVE,POSITIVE,NEUTRAL,POSITIVE,POSITIVE,POSITIVE,POSITIVE,POSITIVE,POSITIVE,POSITIVE,POSITIVE,POSITIVE,POSITIVE,POSITIVE,POSITIVE,POSITIVE,POSITIVE,POSITIVE,POSITIVE,POSITIVE,POSITIVE,POSITIVE,POSITIVE,POSITIVE,POSITIVE,POSITIVE,POSITIVE,POSITIVE,POSITIVE,POSITIVE,POSITIVE,POSITIVE,POSITIVE,POSITIVE,POSITIVE,POSITIVE,NEGATIVE,POSITIVE,POSITIVE,POSITIVE,POSITIVE,POSITIVE,POSITIVE,
Other,,,POSITIVE,,,,,,POSITIVE,,,,,,,,,,,,,,,,,,,,,,,,,,,,,,,,,,,POSITIVE,,,,,,,,,,,,,,,,,,,,,,,,,,,,,POSITIVE,,,,,
Other,POSITIVE,NEUTRAL,POSITIVE,NEGATIVE,NEUTRAL,NEGATIVE,NEGATIVE,POSITIVE,POSITIVE,NEGATIVE,POSITIVE,NEUTRAL,NEGATIVE,NEUTRAL,NEUTRAL,NEGATIVE,POSITIVE,NEUTRAL,NEGATIVE,NEGATIVE,NEGATIVE,NEGATIVE,NEGATIVE,NEUTRAL,NEUTRAL,POSITIVE,POSITIVE,NEUTRAL,NEGATIVE,NEUTRAL,NEGATIVE,POSITIVE,NEUTRAL,NEUTRAL,NEGATIVE,POSITIVE,NEUTRAL,POSITIVE,NEUTRAL,NEGATIVE,NEUTRAL,POSITIVE,POSITIVE,POSITIVE,POSITIVE,POSITIVE,POSITIVE,NEUTRAL,NEUTRAL,POSITIVE,NEUTRAL,NEUTRAL,POSITIVE,NEUTRAL,NEUTRAL,NEGATIVE,POSITIVE,POSITIVE,NEUTRAL,POSITIVE,NEUTRAL,POSITIVE,POSITIVE,NEGATIVE,NEGATIVE,NEUTRAL,NEGATIVE,NEGATIVE,NEGATIVE,NEUTRAL,NEGATIVE,NEGATIVE,POSITIVE,NEGATIVE,POSITIVE,POSITIVE,NEGATIVE,
Other,,,,,,,,,,,,,,,,,,,,,,,,,,,,,,,,,,,,,,,,,,,,,,,,,,,,,,,,,,,,,,,,,,,,,,,,,,,,,,
Other,NEGATIVE,NEGATIVE,POSITIVE,POSITIVE,NEGATIVE,NEGATIVE,NEGATIVE,NEGATIVE,POSITIVE,,NEGATIVE,POSITIVE,NEUTRAL,NEUTRAL,NEUTRAL,NEUTRAL,NEGATIVE,,NEGATIVE,NEGATIVE,NEGATIVE,NEGATIVE,NEUTRAL,NEGATIVE,NEGATIVE,NEGATIVE,NEGATIVE,NEUTRAL,NEUTRAL,NEUTRAL,NEUTRAL,POSITIVE,NEGATIVE,NEGATIVE,POSITIVE,POSITIVE,NEUTRAL,POSITIVE,POSITIVE,NEGATIVE,NEGATIVE,POSITIVE,POSITIVE,NEGATIVE,NEGATIVE,NEGATIVE,NEGATIVE,NEUTRAL,POSITIVE,NEGATIVE,NEGATIVE,NEGATIVE,NEUTRAL,NEGATIVE,NEGATIVE,NEGATIVE,NEGATIVE,NEGATIVE,NEGATIVE,POSITIVE,POSITIVE,NEGATIVE,NEUTRAL,NEGATIVE,POSITIVE,NEGATIVE,NEGATIVE,NEGATIVE,NEGATIVE,POSITIVE,NEGATIVE,NEGATIVE,POSITIVE,NEGATIVE,POSITIVE,NEGATIVE,NEGATIVE,
Other,,,,,,,,,,,,,,,,,,,,,,,,,,,,,,,,,,,,,,,,,,,,,,,,,,,,,,,,,,,,,,,,,,,,,,,,,,,,,,
Other,,,,,,,,,,,,,,,,,,,,,,,,,,,,,,,,,,,,,,,,,,,,,,,,,,,,,,,,,,,,,,,,,,,,,,,,,,,,,,
Other,,,,,,,,,,,,,,,,,,,,,,,,,,,,,,,,,,,,,,,,,,,,,,,,,,,,,,,,,,,,,,,,,,,,,,,,,,,,,,
Other,POSITIVE,NEGATIVE,POSITIVE,POSITIVE,NEUTRAL,NEUTRAL,NEGATIVE,POSITIVE,NEUTRAL,NEUTRAL,NEGATIVE,POSITIVE,NEGATIVE,NEUTRAL,POSITIVE,NEGATIVE,POSITIVE,NEGATIVE,NEUTRAL,NEUTRAL,NEGATIVE,POSITIVE,POSITIVE,NEGATIVE,POSITIVE,POSITIVE,NEUTRAL,NEGATIVE,NEGATIVE,NEUTRAL,NEUTRAL,POSITIVE,NEUTRAL,NEUTRAL,NEGATIVE,POSITIVE,POSITIVE,POSITIVE,NEUTRAL,NEUTRAL,NEUTRAL,POSITIVE,POSITIVE,POSITIVE,POSITIVE,POSITIVE,POSITIVE,NEUTRAL,NEUTRAL,NEUTRAL,NEUTRAL,NEUTRAL,POSITIVE,NEUTRAL,NEUTRAL,NEGATIVE,POSITIVE,NEUTRAL,NEUTRAL,POSITIVE,POSITIVE,NEUTRAL,POSITIVE,NEGATIVE,NEGATIVE,NEGATIVE,NEGATIVE,NEGATIVE,POSITIVE,POSITIVE,NEGATIVE,NEGATIVE,POSITIVE,NEUTRAL,POSITIVE,NEGATIVE,NEUTRAL,
Other,NEGATIVE,NEGATIVE,NEUTRAL,NEUTRAL,NEUTRAL,NEUTRAL,NEGATIVE,NEUTRAL,POSITIVE,NEUTRAL,NEUTRAL,NEUTRAL,NEUTRAL,POSITIVE,NEUTRAL,NEUTRAL,POSITIVE,POSITIVE,NEGATIVE,POSITIVE,NEUTRAL,NEGATIVE,POSITIVE,POSITIVE,NEUTRAL,POSITIVE,NEUTRAL,NEUTRAL,POSITIVE,NEGATIVE,NEGATIVE,POSITIVE,NEUTRAL,POSITIVE,NEGATIVE,POSITIVE,POSITIVE,NEUTRAL,NEUTRAL,POSITIVE,POSITIVE,NEUTRAL,NEUTRAL,NEGATIVE,NEUTRAL,NEUTRAL,NEUTRAL,NEGATIVE,NEGATIVE,NEGATIVE,POSITIVE,NEUTRAL,POSITIVE,POSITIVE,NEGATIVE,NEGATIVE,POSITIVE,POSITIVE,NEUTRAL,POSITIVE,POSITIVE,NEGATIVE,NEGATIVE,NEUTRAL,NEUTRAL,NEGATIVE,POSITIVE,NEUTRAL,NEGATIVE,POSITIVE,NEGATIVE,NEUTRAL,POSITIVE,NEGATIVE,POSITIVE,NEGATIVE,NEGATIVE,
Other,POSITIVE,POSITIVE,POSITIVE,NEUTRAL,NEUTRAL,NEUTRAL,NEGATIVE,POSITIVE,NEUTRAL,POSITIVE,POSITIVE,POSITIVE,NEUTRAL,NEUTRAL,POSITIVE,POSITIVE,POSITIVE,NEUTRAL,NEUTRAL,NEUTRAL,NEGATIVE,NEUTRAL,NEUTRAL,NEGATIVE,NEUTRAL,NEUTRAL,NEUTRAL,NEUTRAL,NEGATIVE,NEUTRAL,NEUTRAL,POSITIVE,POSITIVE,NEUTRAL,POSITIVE,POSITIVE,NEGATIVE,POSITIVE,NEUTRAL,NEUTRAL,POSITIVE,POSITIVE,NEUTRAL,NEUTRAL,NEUTRAL,NEUTRAL,NEUTRAL,NEUTRAL,POSITIVE,POSITIVE,NEUTRAL,NEUTRAL,NEUTRAL,NEUTRAL,NEGATIVE,NEUTRAL,POSITIVE,POSITIVE,NEUTRAL,POSITIVE,NEUTRAL,NEGATIVE,POSITIVE,NEGATIVE,NEUTRAL,NEGATIVE,POSITIVE,NEGATIVE,NEUTRAL,NEGATIVE,NEGATIVE,POSITIVE,POSITIVE,NEUTRAL,POSITIVE,NEUTRAL,POSITIVE,
Other,NEUTRAL,NEGATIVE,POSITIVE,NEUTRAL,NEUTRAL,POSITIVE,NEGATIVE,POSITIVE,POSITIVE,POSITIVE,NEUTRAL,NEUTRAL,NEUTRAL,NEUTRAL,NEUTRAL,NEUTRAL,NEUTRAL,NEUTRAL,NEUTRAL,NEUTRAL,NEGATIVE,NEUTRAL,POSITIVE,POSITIVE,POSITIVE,NEUTRAL,POSITIVE,POSITIVE,NEGATIVE,POSITIVE,NEGATIVE,NEUTRAL,NEUTRAL,POSITIVE,NEUTRAL,POSITIVE,NEUTRAL,NEUTRAL,NEUTRAL,POSITIVE,,NEUTRAL,POSITIVE,POSITIVE,POSITIVE,POSITIVE,POSITIVE,POSITIVE,NEUTRAL,NEUTRAL,NEUTRAL,POSITIVE,NEUTRAL,NEUTRAL,NEGATIVE,NEUTRAL,POSITIVE,POSITIVE,NEGATIVE,NEUTRAL,POSITIVE,NEUTRAL,NEUTRAL,NEGATIVE,NEUTRAL,NEUTRAL,POSITIVE,NEGATIVE,NEUTRAL,POSITIVE,NEGATIVE,NEUTRAL,POSITIVE,NEUTRAL,NEUTRAL,NEUTRAL,POSITIVE,
Other,,,,,,,,,,,,,,,,,,,,,,,,,,,,,,,,,,,,,,,,,,,,,,,,,,,,,,,,,,,,,,,,,,,,,,,,,,,,,,
Other,,,,,,,,,,,,,,,,,,,,,,,,,,,,,,,,,,,,,,,,,,,,,,,,,,,,,,,,,,,,,,,,,,,,,,,,,,,,,,
Other,,,,,,,,,,,,,,,,,,,,,,,,,,,,,,,,,,,,,,,,,,,,,,,,,,,,,,,,,,,,,,,,,,,,,,,,,,,,,,
Other,,NEUTRAL,POSITIVE,NEUTRAL,,NEGATIVE,NEUTRAL,,POSITIVE,,NEUTRAL,NEUTRAL,POSITIVE,POSITIVE,POSITIVE,NEUTRAL,NEUTRAL,NEGATIVE,POSITIVE,NEUTRAL,NEGATIVE,POSITIVE,POSITIVE,NEUTRAL,POSITIVE,POSITIVE,POSITIVE,POSITIVE,,,,POSITIVE,,POSITIVE,NEGATIVE,POSITIVE,POSITIVE,POSITIVE,POSITIVE,,POSITIVE,POSITIVE,POSITIVE,POSITIVE,POSITIVE,POSITIVE,POSITIVE,,POSITIVE,NEGATIVE,,POSITIVE,POSITIVE,,,,POSITIVE,POSITIVE,,POSITIVE,POSITIVE,,POSITIVE,,POSITIVE,,NEUTRAL,,,POSITIVE,,,POSITIVE,NEUTRAL,POSITIVE,POSITIVE,NEUTRAL,
Other,NEUTRAL,NEGATIVE,POSITIVE,,,POSITIVE,NEGATIVE,NEUTRAL,POSITIVE,NEGATIVE,NEUTRAL,POSITIVE,,NEGATIVE,,POSITIVE,NEUTRAL,POSITIVE,,POSITIVE,NEGATIVE,POSITIVE,NEUTRAL,NEUTRAL,POSITIVE,NEUTRAL,NEUTRAL,POSITIVE,,NEUTRAL,NEGATIVE,POSITIVE,POSITIVE,POSITIVE,POSITIVE,POSITIVE,NEUTRAL,,,POSITIVE,NEGATIVE,NEUTRAL,POSITIVE,POSITIVE,POSITIVE,POSITIVE,POSITIVE,NEUTRAL,POSITIVE,NEUTRAL,POSITIVE,POSITIVE,POSITIVE,NEUTRAL,NEGATIVE,NEUTRAL,POSITIVE,NEUTRAL,,POSITIVE,POSITIVE,POSITIVE,POSITIVE,POSITIVE,POSITIVE,POSITIVE,POSITIVE,NEUTRAL,NEUTRAL,NEGATIVE,NEGATIVE,NEUTRAL,POSITIVE,NEUTRAL,NEUTRAL,NEUTRAL,POSITIVE,
Other,NEUTRAL,NEGATIVE,POSITIVE,NEGATIVE,NEUTRAL,NEGATIVE,NEUTRAL,POSITIVE,POSITIVE,NEGATIVE,POSITIVE,NEGATIVE,NEGATIVE,NEUTRAL,NEUTRAL,NEGATIVE,POSITIVE,NEGATIVE,NEUTRAL,NEGATIVE,NEGATIVE,POSITIVE,NEUTRAL,NEGATIVE,NEUTRAL,NEUTRAL,NEUTRAL,POSITIVE,NEGATIVE,NEGATIVE,NEGATIVE,POSITIVE,POSITIVE,POSITIVE,NEUTRAL,POSITIVE,POSITIVE,POSITIVE,POSITIVE,POSITIVE,POSITIVE,POSITIVE,NEUTRAL,POSITIVE,NEUTRAL,NEUTRAL,POSITIVE,NEGATIVE,NEGATIVE,NEUTRAL,NEGATIVE,POSITIVE,POSITIVE,POSITIVE,POSITIVE,POSITIVE,POSITIVE,NEUTRAL,POSITIVE,POSITIVE,POSITIVE,POSITIVE,POSITIVE,POSITIVE,POSITIVE,POSITIVE,POSITIVE,NEUTRAL,NEUTRAL,NEUTRAL,NEGATIVE,NEUTRAL,POSITIVE,NEUTRAL,POSITIVE,POSITIVE,NEGATIVE,
Other,,,,,,,,,,,,,,,,,,,,,,,,,,,,,,,,,,,,,,,,,,,,,,,,,,,,,,,,,,,,,,,,,,,,,,,,,,,,,,
Other,NEUTRAL,NEUTRAL,POSITIVE,NEUTRAL,POSITIVE,NEGATIVE,NEGATIVE,POSITIVE,NEUTRAL,NEUTRAL,POSITIVE,POSITIVE,POSITIVE,POSITIVE,NEGATIVE,NEUTRAL,POSITIVE,NEUTRAL,NEGATIVE,NEUTRAL,NEGATIVE,POSITIVE,NEUTRAL,NEUTRAL,POSITIVE,POSITIVE,POSITIVE,NEUTRAL,NEGATIVE,POSITIVE,POSITIVE,POSITIVE,POSITIVE,POSITIVE,POSITIVE,POSITIVE,NEUTRAL,POSITIVE,NEUTRAL,NEUTRAL,POSITIVE,POSITIVE,POSITIVE,NEUTRAL,POSITIVE,POSITIVE,NEUTRAL,POSITIVE,NEUTRAL,POSITIVE,POSITIVE,POSITIVE,POSITIVE,NEUTRAL,POSITIVE,POSITIVE,POSITIVE,NEGATIVE,NEGATIVE,POSITIVE,POSITIVE,POSITIVE,POSITIVE,NEUTRAL,POSITIVE,NEUTRAL,NEGATIVE,NEUTRAL,NEGATIVE,POSITIVE,NEUTRAL,NEUTRAL,POSITIVE,NEUTRAL,NEUTRAL,NEUTRAL,NEGATIVE,
Other,NEUTRAL,NEGATIVE,POSITIVE,NEUTRAL,POSITIVE,NEGATIVE,NEGATIVE,NEUTRAL,NEUTRAL,POSITIVE,NEUTRAL,POSITIVE,NEGATIVE,NEGATIVE,NEGATIVE,POSITIVE,NEUTRAL,NEGATIVE,NEUTRAL,NEUTRAL,NEUTRAL,NEUTRAL,NEGATIVE,NEUTRAL,POSITIVE,NEUTRAL,NEUTRAL,POSITIVE,NEGATIVE,NEGATIVE,NEGATIVE,NEUTRAL,NEUTRAL,POSITIVE,NEUTRAL,NEUTRAL,NEGATIVE,NEUTRAL,NEGATIVE,POSITIVE,NEUTRAL,NEUTRAL,NEUTRAL,NEUTRAL,POSITIVE,NEUTRAL,NEUTRAL,NEGATIVE,POSITIVE,NEUTRAL,NEGATIVE,POSITIVE,POSITIVE,NEUTRAL,POSITIVE,POSITIVE,NEGATIVE,NEGATIVE,NEGATIVE,POSITIVE,POSITIVE,NEUTRAL,NEUTRAL,POSITIVE,POSITIVE,POSITIVE,NEGATIVE,NEGATIVE,NEGATIVE,NEGATIVE,NEGATIVE,POSITIVE,NEUTRAL,NEGATIVE,POSITIVE,POSITIVE,NEGATIVE,
Other,NEUTRAL,POSITIVE,POSITIVE,POSITIVE,NEUTRAL,NEUTRAL,NEGATIVE,NEUTRAL,POSITIVE,NEUTRAL,NEUTRAL,NEUTRAL,NEUTRAL,NEUTRAL,POSITIVE,NEUTRAL,NEUTRAL,NEUTRAL,NEGATIVE,NEGATIVE,NEGATIVE,POSITIVE,POSITIVE,POSITIVE,POSITIVE,NEUTRAL,NEUTRAL,POSITIVE,POSITIVE,NEUTRAL,NEUTRAL,POSITIVE,NEUTRAL,NEUTRAL,NEUTRAL,POSITIVE,POSITIVE,POSITIVE,POSITIVE,NEUTRAL,NEUTRAL,POSITIVE,POSITIVE,POSITIVE,POSITIVE,POSITIVE,POSITIVE,POSITIVE,POSITIVE,NEUTRAL,NEUTRAL,POSITIVE,POSITIVE,NEUTRAL,POSITIVE,NEUTRAL,POSITIVE,NEUTRAL,NEUTRAL,POSITIVE,POSITIVE,POSITIVE,POSITIVE,NEUTRAL,POSITIVE,NEUTRAL,NEUTRAL,NEUTRAL,NEUTRAL,POSITIVE,NEGATIVE,NEUTRAL,POSITIVE,NEGATIVE,POSITIVE,POSITIVE,POSITIVE,
Other,NEUTRAL,NEUTRAL,POSITIVE,NEUTRAL,POSITIVE,NEGATIVE,POSITIVE,POSITIVE,NEUTRAL,POSITIVE,POSITIVE,NEGATIVE,NEGATIVE,NEUTRAL,POSITIVE,POSITIVE,POSITIVE,NEUTRAL,NEUTRAL,NEUTRAL,NEGATIVE,POSITIVE,POSITIVE,NEGATIVE,POSITIVE,POSITIVE,POSITIVE,POSITIVE,NEGATIVE,POSITIVE,POSITIVE,POSITIVE,,,,,,,,,,,,,,,,,,,,,,,,,,,,,,,,,,,,,,,,,,,,,,
Other,,,,,,,,,,,,,,,,,,,,,,,,,,,,,,,,,,,,,,,,,,,,,,,,,,,,,,,,,,,,,,,,,,,,,,,,,,,,,,
Other,POSITIVE,POSITIVE,POSITIVE,POSITIVE,POSITIVE,POSITIVE,POSITIVE,POSITIVE,POSITIVE,POSITIVE,POSITIVE,POSITIVE,POSITIVE,POSITIVE,POSITIVE,POSITIVE,POSITIVE,POSITIVE,POSITIVE,POSITIVE,POSITIVE,POSITIVE,POSITIVE,POSITIVE,POSITIVE,POSITIVE,POSITIVE,POSITIVE,POSITIVE,POSITIVE,POSITIVE,POSITIVE,POSITIVE,POSITIVE,POSITIVE,POSITIVE,POSITIVE,POSITIVE,POSITIVE,POSITIVE,POSITIVE,POSITIVE,POSITIVE,POSITIVE,POSITIVE,POSITIVE,POSITIVE,POSITIVE,POSITIVE,POSITIVE,POSITIVE,POSITIVE,POSITIVE,POSITIVE,POSITIVE,POSITIVE,POSITIVE,POSITIVE,POSITIVE,POSITIVE,POSITIVE,POSITIVE,POSITIVE,POSITIVE,POSITIVE,POSITIVE,POSITIVE,POSITIVE,POSITIVE,POSITIVE,POSITIVE,POSITIVE,POSITIVE,POSITIVE,POSITIVE,POSITIVE,POSITIVE,
Other,,,,,,,,,,,,,,,,,,,,,,,,,,,,,,,,,,,,,,,,,,,,,,,,,,,,,,,,,,,,,,,,,,,,,,,,,,,,,,
Other,,,,,,,,,,,,,,,,,,,,,,,,,,,,,,,,,,,,,,,,,,,,,,,,,,,,,,,,,,,,,,,,,,,,,,,,,,,,,,
Other,,,,,,,,,,,,,,,,,,,,,,,,,,,,,,,,,,,,,,,,,,,,,,,,,,,,,,,,,,,,,,,,,,,,,,,,,,,,,,
Other,POSITIVE,NEGATIVE,POSITIVE,NEUTRAL,NEUTRAL,NEGATIVE,NEUTRAL,POSITIVE,POSITIVE,NEGATIVE,POSITIVE,POSITIVE,NEGATIVE,POSITIVE,NEGATIVE,POSITIVE,NEUTRAL,NEGATIVE,NEUTRAL,POSITIVE,NEUTRAL,POSITIVE,NEUTRAL,POSITIVE,NEGATIVE,POSITIVE,POSITIVE,POSITIVE,NEGATIVE,POSITIVE,NEUTRAL,POSITIVE,NEGATIVE,POSITIVE,NEGATIVE,POSITIVE,NEUTRAL,POSITIVE,NEUTRAL,POSITIVE,NEUTRAL,NEUTRAL,NEUTRAL,NEUTRAL,NEUTRAL,NEUTRAL,NEUTRAL,POSITIVE,POSITIVE,POSITIVE,NEGATIVE,POSITIVE,POSITIVE,POSITIVE,POSITIVE,NEUTRAL,POSITIVE,NEUTRAL,NEUTRAL,POSITIVE,POSITIVE,POSITIVE,POSITIVE,POSITIVE,POSITIVE,POSITIVE,POSITIVE,NEUTRAL,NEUTRAL,POSITIVE,NEGATIVE,NEUTRAL,POSITIVE,NEUTRAL,POSITIVE,NEUTRAL,POSITIVE,
Other,POSITIVE,NEGATIVE,POSITIVE,NEGATIVE,NEGATIVE,NEUTRAL,NEGATIVE,POSITIVE,POSITIVE,NEUTRAL,POSITIVE,POSITIVE,POSITIVE,NEGATIVE,NEGATIVE,NEGATIVE,NEUTRAL,NEGATIVE,NEGATIVE,NEGATIVE,NEGATIVE,NEUTRAL,NEGATIVE,POSITIVE,NEUTRAL,POSITIVE,NEUTRAL,NEGATIVE,NEGATIVE,POSITIVE,POSITIVE,POSITIVE,NEGATIVE,NEGATIVE,NEGATIVE,POSITIVE,NEGATIVE,NEUTRAL,NEGATIVE,NEGATIVE,NEUTRAL,POSITIVE,NEUTRAL,POSITIVE,NEUTRAL,NEUTRAL,NEUTRAL,NEUTRAL,NEGATIVE,NEUTRAL,NEGATIVE,NEGATIVE,NEUTRAL,NEGATIVE,NEGATIVE,NEGATIVE,POSITIVE,POSITIVE,NEUTRAL,POSITIVE,NEUTRAL,NEUTRAL,POSITIVE,NEGATIVE,NEGATIVE,NEGATIVE,NEUTRAL,NEGATIVE,POSITIVE,NEUTRAL,NEGATIVE,NEUTRAL,POSITIVE,NEGATIVE,POSITIVE,POSITIVE,POSITIVE,
Other,NEUTRAL,NEGATIVE,NEUTRAL,,NEGATIVE,NEGATIVE,NEGATIVE,NEUTRAL,POSITIVE,NEGATIVE,NEUTRAL,NEGATIVE,NEGATIVE,POSITIVE,POSITIVE,POSITIVE,POSITIVE,NEUTRAL,NEGATIVE,NEGATIVE,NEGATIVE,NEGATIVE,NEUTRAL,NEUTRAL,POSITIVE,POSITIVE,POSITIVE,NEUTRAL,NEGATIVE,POSITIVE,NEGATIVE,POSITIVE,NEUTRAL,POSITIVE,NEUTRAL,POSITIVE,POSITIVE,NEUTRAL,NEUTRAL,NEUTRAL,NEGATIVE,NEGATIVE,POSITIVE,POSITIVE,POSITIVE,POSITIVE,POSITIVE,POSITIVE,POSITIVE,POSITIVE,NEUTRAL,NEGATIVE,POSITIVE,NEGATIVE,NEGATIVE,NEUTRAL,POSITIVE,POSITIVE,NEGATIVE,POSITIVE,NEGATIVE,NEUTRAL,POSITIVE,NEGATIVE,NEGATIVE,NEGATIVE,NEGATIVE,NEGATIVE,NEGATIVE,NEGATIVE,NEGATIVE,NEUTRAL,POSITIVE,NEGATIVE,POSITIVE,NEGATIVE,NEUTRAL,
Other,POSITIVE,NEGATIVE,POSITIVE,,,NEUTRAL,POSITIVE,NEUTRAL,NEGATIVE,POSITIVE,POSITIVE,,,NEGATIVE,,NEGATIVE,POSITIVE,,POSITIVE,NEGATIVE,NEGATIVE,NEUTRAL,NEUTRAL,NEUTRAL,POSITIVE,POSITIVE,POSITIVE,POSITIVE,,POSITIVE,,POSITIVE,,,NEUTRAL,POSITIVE,NEUTRAL,POSITIVE,,NEGATIVE,NEUTRAL,POSITIVE,POSITIVE,POSITIVE,POSITIVE,POSITIVE,POSITIVE,POSITIVE,,POSITIVE,NEUTRAL,,POSITIVE,NEGATIVE,NEGATIVE,NEUTRAL,POSITIVE,POSITIVE,,POSITIVE,POSITIVE,POSITIVE,POSITIVE,,POSITIVE,POSITIVE,,,,NEGATIVE,NEGATIVE,POSITIVE,POSITIVE,NEUTRAL,POSITIVE,POSITIVE,POSITIVE,
Other,NEUTRAL,NEGATIVE,POSITIVE,NEGATIVE,NEUTRAL,NEGATIVE,NEGATIVE,NEUTRAL,NEGATIVE,NEGATIVE,POSITIVE,POSITIVE,NEUTRAL,NEUTRAL,POSITIVE,POSITIVE,POSITIVE,NEUTRAL,NEUTRAL,NEUTRAL,NEGATIVE,POSITIVE,NEGATIVE,,NEUTRAL,NEUTRAL,NEUTRAL,POSITIVE,NEGATIVE,NEGATIVE,NEGATIVE,POSITIVE,NEUTRAL,NEUTRAL,POSITIVE,NEUTRAL,NEUTRAL,POSITIVE,NEGATIVE,NEGATIVE,NEGATIVE,NEGATIVE,POSITIVE,POSITIVE,POSITIVE,POSITIVE,POSITIVE,NEGATIVE,POSITIVE,NEUTRAL,POSITIVE,NEUTRAL,NEUTRAL,NEUTRAL,NEGATIVE,POSITIVE,POSITIVE,POSITIVE,POSITIVE,NEUTRAL,NEUTRAL,NEUTRAL,NEUTRAL,POSITIVE,NEUTRAL,POSITIVE,NEUTRAL,NEUTRAL,POSITIVE,NEUTRAL,NEUTRAL,NEUTRAL,POSITIVE,POSITIVE,POSITIVE,POSITIVE,NEGATIVE,
Other,POSITIVE,NEGATIVE,POSITIVE,NEGATIVE,,,,POSITIVE,POSITIVE,POSITIVE,NEUTRAL,POSITIVE,,NEUTRAL,POSITIVE,NEGATIVE,NEUTRAL,NEUTRAL,,NEGATIVE,NEGATIVE,NEGATIVE,NEGATIVE,,POSITIVE,NEGATIVE,NEGATIVE,POSITIVE,,POSITIVE,,POSITIVE,NEUTRAL,NEUTRAL,NEGATIVE,POSITIVE,NEUTRAL,NEUTRAL,,NEGATIVE,NEGATIVE,POSITIVE,POSITIVE,NEUTRAL,POSITIVE,POSITIVE,POSITIVE,NEUTRAL,,,NEGATIVE,NEGATIVE,POSITIVE,,POSITIVE,,POSITIVE,POSITIVE,,,,,POSITIVE,,NEGATIVE,NEGATIVE,NEGATIVE,NEGATIVE,POSITIVE,NEUTRAL,NEGATIVE,POSITIVE,,,,POSITIVE,POSITIVE,
Other,,,,,,,,,,,,,,,,,,,,,,,,,,,,,,,,,,,,,,,,,,,,,,,,,,,,,,,,,,,,,,,,,,,,,,,,,,,,,,
Other,,,,,,,,,,,,,,,,,,,,,,,,,,,,,,,,,,,,,,,,,,,,,,,,,,,,,,,,,,,,,,,,,,,,,,,,,,,,,,
Other,POSITIVE,NEGATIVE,POSITIVE,NEGATIVE,NEGATIVE,NEUTRAL,NEGATIVE,NEUTRAL,POSITIVE,NEGATIVE,NEGATIVE,POSITIVE,POSITIVE,NEUTRAL,NEGATIVE,NEGATIVE,NEGATIVE,NEGATIVE,NEGATIVE,NEUTRAL,NEGATIVE,NEGATIVE,NEGATIVE,POSITIVE,NEGATIVE,NEGATIVE,NEGATIVE,NEGATIVE,NEGATIVE,NEUTRAL,NEGATIVE,NEUTRAL,NEGATIVE,NEGATIVE,NEGATIVE,NEUTRAL,NEGATIVE,NEUTRAL,NEGATIVE,NEGATIVE,NEUTRAL,POSITIVE,NEUTRAL,POSITIVE,NEUTRAL,NEUTRAL,NEUTRAL,,POSITIVE,NEGATIVE,NEGATIVE,NEUTRAL,NEGATIVE,NEGATIVE,NEUTRAL,NEGATIVE,,,,,NEUTRAL,NEGATIVE,NEUTRAL,NEUTRAL,NEUTRAL,,NEUTRAL,,,NEUTRAL,NEGATIVE,NEUTRAL,POSITIVE,,,NEGATIVE,NEGATIVE,
Other,,,,,,,,,,,,,,,,,,,,,,,,,,,,,,,,,,,,,,,,,,POSITIVE,POSITIVE,POSITIVE,POSITIVE,POSITIVE,,,,,,NEUTRAL,NEUTRAL,,,,NEUTRAL,,,POSITIVE,POSITIVE,,POSITIVE,,NEUTRAL,,,,,NEUTRAL,,,POSITIVE,,POSITIVE,,,
Other,,,,,,,,,,,,,,,,,,,,,,,,,,,,,,,,,,,,,,,,,,,,,,,,,,,,,,,,,,,,,,,,,,,,,,,,,,,,,,
